meldcode,merk,model,vermogen_kw,subsidie_eur,subsidie_2e_eur,koudemiddel,gwp
KA19526,A.O. Smith,AWHP 30,19,5300,4275,R410A,2088
KA19527,A.O. Smith,AWHP 40,26,6875,5850,R410A,2088
KA19529,A.O. Smith,AWHP 60,38,9575,8550,R410A,2088
KA19532,A.O. Smith,AWHP 90,56,13625,12600,R410A,2088
KA22383,AAA New Energy,AAA-050-DKZLRS-A,15,4400,3375,R032,675
KA22384,AAA New Energy,AAA-060-DKZLRS-A,16,4825,3600,R032,675
KA22386,AAA New Energy,AAA-100-DKZLRS-A,23,6400,5175,R032,675
KA28815,Acond,Aconomis N,7,2800,1575,R290 (Propaan),3
KA28816,Acond,Aconomis S,4,2125,900,R290 (Propaan),3
KA29834,Acond,Aconomis-R,14,4375,3150,R290 (Propaan),3
KA24890,Acond,Grandis N,4,2125,900,R290 (Propaan),3
KA28044,Acond,Grandis-L 16,16,4825,3600,R290 (Propaan),3
KA28045,Acond,Grandis-L 18,19,5500,4275,R290 (Propaan),3
KA28046,Acond,Grandis-L 21,19,5500,4275,R290 (Propaan),3
KA27902,Acond,Grandis-PN,5,2350,1125,R290 (Propaan),3
KA27903,Acond,Grandis-PR,11,3700,2475,R290 (Propaan),3
KA30883,Acond,Pro B,12,3925,2700,R290 (Propaan),3
KA20996,Acond,PRO N,5,2350,1125,R290 (Propaan),3
KA20997,Acond,PRO R,10,3475,2250,R290 (Propaan),3
KA25265,Adlar Castra,AURORA II - 10kW,7,2800,1575,R032,675
KA25266,Adlar Castra,AURORA II - 14kW,9,3250,2025,R032,675
KA27430,Adlar Castra,AURORA II - 6kW,4,2125,900,R032,675
KA28240,Adlar Castra,Aurora II core,4,1925,900,R032,675
KA30037,Adlar Castra,AURORA III PRO - 12KW,11,3700,2475,R290 (Propaan),3
KA30038,Adlar Castra,AURORA III PRO - 7KW,6,2575,1350,R290 (Propaan),3
KA30039,Adlar Castra,AURORA III PRO - 9KW,8,3025,1800,R290 (Propaan),3
KA28192,Aermec,BHP040+BHP060F,5,2350,1125,R032,675
KA28084,Aermec,BHP040+BHP060W,5,2350,1125,R032,675
KA28085,Aermec,BHP060+BHP060F,5,2350,1125,R032,675
KA28086,Aermec,BHP060+BHP060W,5,2350,1125,R032,675
KA28087,Aermec,BHP080+BHP100F,6,2575,1350,R032,675
KA28088,Aermec,BHP080+BHP100W,6,2575,1350,R032,675
KA28089,Aermec,BHP080T+BHP100WT,8,2825,1800,R032,675
KA28090,Aermec,BHP100+BHP100F,8,3025,1800,R032,675
KA28091,Aermec,BHP100+BHP100W,8,3025,1800,R032,675
KA28092,Aermec,BHP100T+BHP100WT,9,3050,2025,R032,675
KA28093,Aermec,BHP120+BHP160W,10,3475,2250,R032,675
KA28094,Aermec,BHP120T+BHP160WT,10,3475,2250,R032,675
KA28095,Aermec,BHP140+BHP160W,12,3725,2700,R032,675
KA28096,Aermec,BHP140T+BHP160WT,12,3725,2700,R032,675
KA28097,Aermec,BHP160+BHP160W,12,3925,2700,R032,675
KA28098,Aermec,BHP160T+BHP160WT,12,3725,2700,R032,675
KA32064,Aermec,HMI121,11,3700,2475,R032,675
KA30028,AEROWATT,AW-HC14T,10,3475,2250,R290 (Propaan),3
KA30029,AEROWATT,AW-HC23T,15,4600,3375,R290 (Propaan),3
KA30030,AEROWATT,AW-HC6S,4,2125,900,R290 (Propaan),3
KA30031,AEROWATT,AW-HC9S,6,2575,1350,R290 (Propaan),3
KA27398,AEROWATT,AWHCW020-S,4,2125,900,R290 (Propaan),3
KA27399,AEROWATT,AWHCW040-T,8,3025,1800,R290 (Propaan),3
KA27400,AEROWATT,AWHCW060-T,11,3700,2475,R290 (Propaan),3
KA19285,Airwell,AW-WHPMA04-H91,5,2350,1125,R032,675
KA19286,Airwell,AW-WHPMA06-H91,6,2575,1350,R032,675
KA19287,Airwell,AW-WHPMA08-H91,7,2800,1575,R032,675
KA19288,Airwell,AW-WHPMA10-H91,8,3025,1800,R032,675
KA19289,Airwell,AW-WHPMA12-H91,11,3700,2475,R032,675
KA19290,Airwell,AW-WHPMA12-H93,11,3700,2475,R032,675
KA19292,Airwell,AW-WHPMA14-H93,12,3925,2700,R032,675
KA19293,Airwell,AW-WHPMA16-H91,13,4150,2925,R032,675
KA19294,Airwell,AW-WHPMA16-H93,13,4150,2925,R032,675
KA19295,Airwell,AW-WHPMA18-H93,16,4825,3600,R032,675
KA19296,Airwell,AW-WHPMA22-H93,20,5725,4500,R032,675
KA19298,Airwell,AW-WHPMA30-H93,24,6425,5400,R032,675
KA19300,Airwell,AW-YHPSA06-H91 + AW-WHPSA0406-N91,6,2575,1350,R032,675
KA19301,Airwell,AW-YHPSA08-H91 + AW-WHPSA0810-N91,7,2800,1575,R032,675
KA22581,Airwell,AW-YHPSA08-H91 + AWODMA-100T-09M22-19,7,2800,1575,R032,675
KA22582,Airwell,AW-YHPSA08-H91 + AWODMA-100T-09M22-25,7,2800,1575,R032,675
KA19302,Airwell,AW-YHPSA10-H91 + AW-WHPSA0810-N91,8,3025,1800,R032,675
KA19304,Airwell,AW-YHPSA12-H93 + AW-WHPSA1216-N91,11,3700,2475,R032,675
KA19306,Airwell,AW-YHPSA14-H93 + AW-WHPSA1216-N91,12,3925,2700,R032,675
KA22588,Airwell,AW-YHPSA14-H93 + AWODMA-160T-09M22-25,12,3925,2700,R032,675
KA19308,Airwell,AW-YHPSA16-H93 + AW-WHPSA1216-N91,13,4150,2925,R032,675
KA28103,Airwell,BDHW-040R-04M25,4,2125,900,R290 (Propaan),3
KA28104,Airwell,BDHW-060R-04M25,6,2575,1350,R290 (Propaan),3
KA28105,Airwell,BDHW-080R-04M25,7,2800,1575,R290 (Propaan),3
KA28106,Airwell,BDHW-100R-04M25,8,3025,1800,R290 (Propaan),3
KA28107,Airwell,BDHW-120R-04M25,11,3700,2475,R290 (Propaan),3
KA28108,Airwell,BDHW-120R-04T35,11,3700,2475,R290 (Propaan),3
KA28109,Airwell,BDHW-140R-04M25,12,3925,2700,R290 (Propaan),3
KA28110,Airwell,BDHW-140R-04T35,12,3925,2700,R290 (Propaan),3
KA28111,Airwell,BDHW-160R-04M25,13,4150,2925,R290 (Propaan),3
KA28112,Airwell,BDHW-160R-04T35,13,4150,2925,R290 (Propaan),3
KA29999,Airwell,BDHX-260R-04T35,23,6400,5175,R290 (Propaan),3
KA30000,Airwell,BDHX-300R-04T35,27,7100,6075,R290 (Propaan),3
KA30001,Airwell,BDHX-350R-04T35,31,8000,6975,R290 (Propaan),3
KA30002,Airwell,BDHX-400R-04T35,32,8225,7200,R290 (Propaan),3
KA28646,Alpha Innotec,Hybrox 11,9,3250,2025,R290 (Propaan),3
KA28188,Alpha Innotec,Hybrox 16,13,4150,2925,R290 (Propaan),3
KA31217,Alpha Innotec,Hybrox 21,19,5500,4275,R290 (Propaan),3
KA25888,Alpha Innotec,Hybrox 5,6,2575,1350,R290 (Propaan),3
KA25889,Alpha Innotec,Hybrox 8,8,3025,1800,R290 (Propaan),3
KA21494,Alpha Innotec,Jersey 5-1,5,2350,1125,R410A,2088
KA21495,Alpha Innotec,Jersey 7-1,7,2600,1575,R410A,2088
KA14056,Alpha Innotec,LWAV 122R3-HSV 12M3,9,3050,2025,R410A,2088
KA14055,Alpha Innotec,LWAV 122R3-HV 12-3,9,3050,2025,R410A,2088
KA14060,Alpha Innotec,LWAV 82R1-3-HSV 9M1-3,6,2375,1350,R410A,2088
KA01241,Alpha Innotec,LWD 50A-HTD,5,2150,1125,R290 (Propaan),3
KA01259,Alpha Innotec,LWD 50A/RSX-HMD 1RS,5,2150,1125,R290 (Propaan),3
KA01247,Alpha Innotec,LWD 50A/SX-HMD 1S,5,2150,1125,R290 (Propaan),3
KA01244,Alpha Innotec,LWD 70A-HMD1,7,2600,1575,R290 (Propaan),3
KA01245,Alpha Innotec,LWD 70A-HTD,7,2600,1575,R290 (Propaan),3
KA01257,Alpha Innotec,LWD 70A/RX-HMD 1R,7,2600,1575,R290 (Propaan),3
KA01825,Alpha Innotec,LWD 70A/RX-HTD,7,2600,1575,R290 (Propaan),3
KA01266,Alpha Innotec,LWD 90A-HMD 1,8,2825,1800,R290 (Propaan),3
KA01267,Alpha Innotec,LWD 90A-HTD,8,2825,1800,R290 (Propaan),3
KA13706,Alpha Innotec,LWDV 91-1/3-HDV 12-3,8,2825,1800,R290 (Propaan),3
KA13707,Alpha Innotec,LWDV 91-1/3-HDV 9-1/3,8,2825,1800,R290 (Propaan),3
KA13708,Alpha Innotec,LWDV 91-1/3-HSDV 12M3,8,2825,1800,R290 (Propaan),3
KA13709,Alpha Innotec,LWDV 91-1/3-HSDV 9M1/3,8,2825,1800,R290 (Propaan),3
KA21768,Alpha Innotec,Paros 4-1,4,2125,900,R454B,466
KA29746,Alpha Innotec,Sera 10 400100,24,6425,5400,R032,675
KA29829,ALPS EXCLUSIVE,AE-06001-MO-V2,4,2125,900,R290 (Propaan),3
KA25417,ALPS EXCLUSIVE,AE-08301-MO-V2,5,2350,1125,R290 (Propaan),3
KA24961,ALPS EXCLUSIVE,AE-08401-MO,5,2350,1125,R032,675
KA25418,ALPS EXCLUSIVE,AE-11403-MO-V2,8,2825,1800,R290 (Propaan),3
KA24962,ALPS EXCLUSIVE,AE-13003-MO,9,3250,2025,R032,675
KA25419,ALPS EXCLUSIVE,AE-14803-MO-V2,11,3500,2475,R290 (Propaan),3
KA24963,ALPS EXCLUSIVE,AE-18203-MO,14,4375,3150,R032,675
KA29830,ALPS EXCLUSIVE,AE-18203-MO-V2,11,3700,2475,R290 (Propaan),3
KA25420,ALPS EXCLUSIVE,AE-22003-MO-V2,12,3925,2700,R290 (Propaan),3
KA29831,ALPS EXCLUSIVE,AE-24003-MO-V2,14,4375,3150,R290 (Propaan),3
KA29832,ALPS EXCLUSIVE,AE-49003-MO-V2,25,6850,5625,R290 (Propaan),3
KA27686,ALSAVO,ALSAVO HEAT 07i,4,2125,900,R032,675
KA29030,ALSAVO,ALSAVO HEAT 07i9,5,2350,1125,R290 (Propaan),3
KA27687,ALSAVO,ALSAVO HEAT 10i,7,2600,1575,R032,675
KA29031,ALSAVO,ALSAVO HEAT 10i9,7,2800,1575,R290 (Propaan),3
KA29679,ALSAVO,ALSAVO HEAT 10iu,7,2800,1575,R032,675
KA27688,ALSAVO,ALSAVO HEAT 12i,8,3025,1800,R032,675
KA29032,ALSAVO,ALSAVO HEAT 12i9,8,3025,1800,R290 (Propaan),3
KA27689,ALSAVO,ALSAVO HEAT 12iT,7,2800,1575,R032,675
KA29680,ALSAVO,ALSAVO HEAT 12iuT,9,3250,2025,R032,675
KA27690,ALSAVO,ALSAVO HEAT 16i,11,3700,2475,R032,675
KA29033,ALSAVO,ALSAVO HEAT 16i9T,13,3950,2925,R290 (Propaan),3
KA27691,ALSAVO,ALSAVO HEAT 16iT,11,3700,2475,R032,675
KA29681,ALSAVO,ALSAVO HEAT 19iuT,15,4600,3375,R032,675
KA29682,ALSAVO,ALSAVO HEAT 26iuT,20,5525,4500,R032,675
KA23033,AOKOL,ASH-35CHW MR,9,3250,2025,R032,675
KA26298,Ares Power,M305V3,4,1925,900,R032,675
KA26299,Ares Power,M308V3,7,2600,1575,R032,675
KA26300,Ares Power,M311SV3,10,3275,2250,R032,675
KA26301,Ares Power,M316SV3,14,4175,3150,R032,675
KA26302,Ares Power,M505V3,4,2125,900,R032,675
KA26303,Ares Power,M507V3,6,2575,1350,R032,675
KA26304,Ares Power,M509V3,8,3025,1800,R032,675
KA26305,Ares Power,M511SV3,10,3275,2250,R032,675
KA26306,Ares Power,M511TV3,10,3275,2250,R032,675
KA26307,Ares Power,M514SV3,13,4150,2925,R032,675
KA26308,Ares Power,M514TV3,13,4150,2925,R032,675
KA26309,Ares Power,M516SV3,13,4150,2925,R032,675
KA26310,Ares Power,M516TV3,13,4150,2925,R032,675
KA26312,Ares Power,S506V3,5,2150,1125,R032,675
KA26313,Ares Power,S508V3,7,2600,1575,R032,675
KA26314,Ares Power,S510SV3,9,3050,2025,R032,675
KA22439,Argo,AGHPSA101SH_AGHPS101W,8,3025,1800,R032,675
KA29294,Argo,ANGHP06S,4,2125,900,R290 (Propaan),3
KA29295,Argo,ANGHP08S,7,2800,1575,R290 (Propaan),3
KA29296,Argo,ANGHP12S,9,3250,2025,R290 (Propaan),3
KA12042,ARTEL,MHP12RL24P3,11,3700,2475,R410A,2088
KA12038,ARTEL,MHP5RL24,6,2375,1350,R410A,2088
KA12039,ARTEL,MHP7RL24,6,2575,1350,R410A,2088
KA13289,ARTEL,MHP9RL24,8,2825,1800,R410A,2088
KA27629,Artimix,3823-04-1,4,2125,900,R290 (Propaan),3
KA27630,Artimix,3824-07-1,6,2575,1350,R290 (Propaan),3
KA27631,Artimix,3825-09-1,8,3025,1800,R290 (Propaan),3
KA27632,Artimix,3828-12-3,11,3700,2475,R290 (Propaan),3
KA27633,Artimix,3829-16-3,13,4150,2925,R290 (Propaan),3
KA21163,ATAG,ATAG ENERGION M COMPACT 120,10,3475,2250,R032,675
KA21164,ATAG,ATAG ENERGION M COMPACT 150,11,3700,2475,R032,675
KA21165,ATAG,ATAG ENERGION M COMPACT 40,5,2350,1125,R032,675
KA21166,ATAG,ATAG ENERGION M COMPACT 50,5,2350,1125,R032,675
KA21167,ATAG,ATAG ENERGION M COMPACT 80,7,2800,1575,R032,675
KA21377,ATAG,ATAG ENERGION M HYBRID-ALL 120,10,3475,2250,R032,675
KA21378,ATAG,ATAG ENERGION M HYBRID-ALL 150,11,3700,2475,R032,675
KA21374,ATAG,ATAG ENERGION M HYBRID-ALL 40,5,2350,1125,R032,675
KA21375,ATAG,ATAG ENERGION M HYBRID-ALL 50,5,2350,1125,R032,675
KA21376,ATAG,ATAG ENERGION M HYBRID-ALL 80,7,2800,1575,R032,675
KA21382,ATAG,ATAG ENERGION M HYBRID-ZONE 120,10,3475,2250,R032,675
KA21383,ATAG,ATAG ENERGION M HYBRID-ZONE 150,11,3700,2475,R032,675
KA21379,ATAG,ATAG ENERGION M HYBRID-ZONE 40,5,2350,1125,R032,675
KA21380,ATAG,ATAG ENERGION M HYBRID-ZONE 50,5,2350,1125,R032,675
KA21381,ATAG,ATAG ENERGION M HYBRID-ZONE 80,7,2800,1575,R032,675
KA21168,ATAG,ATAG ENERGION M LIGHT 120,10,3475,2250,R032,675
KA21169,ATAG,ATAG ENERGION M LIGHT 150,11,3700,2475,R032,675
KA21170,ATAG,ATAG ENERGION M LIGHT 40,5,2350,1125,R032,675
KA21171,ATAG,ATAG ENERGION M LIGHT 50,5,2350,1125,R032,675
KA21172,ATAG,ATAG ENERGION M LIGHT 80,7,2800,1575,R032,675
KA21173,ATAG,ATAG ENERGION M PLUS 120,10,3475,2250,R032,675
KA21174,ATAG,ATAG ENERGION M PLUS 150,11,3700,2475,R032,675
KA21175,ATAG,ATAG ENERGION M PLUS 40,5,2350,1125,R032,675
KA21176,ATAG,ATAG ENERGION M PLUS 50,5,2350,1125,R032,675
KA21177,ATAG,ATAG ENERGION M PLUS 80,7,2800,1575,R032,675
KA22877,ATAG,ATAG ENERGION S COMPACT 40,5,2350,1125,R032,675
KA22878,ATAG,ATAG ENERGION S COMPACT 50,5,2350,1125,R032,675
KA22879,ATAG,ATAG ENERGION S COMPACT 80,7,2800,1575,R032,675
KA22880,ATAG,ATAG ENERGION S HYBRID 40,5,2350,1125,R032,675
KA22881,ATAG,ATAG ENERGION S HYBRID 50,5,2350,1125,R032,675
KA22882,ATAG,ATAG ENERGION S HYBRID 80,7,2800,1575,R032,675
KA25892,ATAG,ATAG ENERGION S PLUS 120,10,3475,2250,R032,675
KA25893,ATAG,ATAG ENERGION S PLUS 150,11,3700,2475,R032,675
KA22883,ATAG,ATAG ENERGION S PLUS 40,5,2350,1125,R032,675
KA22884,ATAG,ATAG ENERGION S PLUS 50,5,2350,1125,R032,675
KA22885,ATAG,ATAG ENERGION S PLUS 80,7,2800,1575,R032,675
KA13934,ATAG,ENERGION M COMPACT 11,11,3700,2475,R410A,2088
KA13930,ATAG,ENERGION M COMPACT 4,5,2350,1125,R410A,2088
KA13931,ATAG,ENERGION M COMPACT 5,5,2350,1125,R410A,2088
KA13932,ATAG,ENERGION M COMPACT 7,7,2800,1575,R410A,2088
KA13933,ATAG,ENERGION M COMPACT 9,9,3250,2025,R410A,2088
KA13944,ATAG,ENERGION M FLEX 11,11,3700,2475,R410A,2088
KA13940,ATAG,ENERGION M FLEX 4,5,2350,1125,R410A,2088
KA13941,ATAG,ENERGION M FLEX 5,5,2350,1125,R410A,2088
KA13945,ATAG,ENERGION M HYBRID all 4,5,2350,1125,R410A,2088
KA13946,ATAG,ENERGION M HYBRID all 5,5,2350,1125,R410A,2088
KA13947,ATAG,ENERGION M HYBRID all 7,7,2800,1575,R410A,2088
KA13948,ATAG,ENERGION M HYBRID all 9,9,3250,2025,R410A,2088
KA13950,ATAG,ENERGION M HYBRID zone 4,5,2350,1125,R410A,2088
KA13951,ATAG,ENERGION M HYBRID zone 5,5,2350,1125,R410A,2088
KA13952,ATAG,ENERGION M HYBRID zone 7,7,2800,1575,R410A,2088
KA13953,ATAG,ENERGION M HYBRID zone 9,9,3250,2025,R410A,2088
KA13939,ATAG,ENERGION M PLUS 11,11,3700,2475,R410A,2088
KA13935,ATAG,ENERGION M PLUS 4,5,2350,1125,R410A,2088
KA13936,ATAG,ENERGION M PLUS 5,5,2350,1125,R410A,2088
KA13937,ATAG,ENERGION M PLUS 7,7,2800,1575,R410A,2088
KA13938,ATAG,ENERGION M PLUS 9,9,3250,2025,R410A,2088
KA31080,ATAG,INTERION,3,1700,675,R290 (Propaan),3
KA30414,ATAG,PREMION CHA-07,6,2575,1350,R290 (Propaan),3
KA30415,ATAG,PREMION CHA-10,8,3025,1800,R290 (Propaan),3
KA30416,ATAG,PREMION CHA-16/20,15,4600,3375,R290 (Propaan),3
KA30175,Atlantic,Alfea Excellia S 12 DUO Tri,9,3250,2025,R032,675
KA30176,Atlantic,Alfea Excellia S 12 DUO XL Tri,9,3250,2025,R032,675
KA30177,Atlantic,Alfea Excellia S 12 Tri,9,3250,2025,R032,675
KA30178,Atlantic,Alfea Excellia S 14 DUO Tri,10,3475,2250,R032,675
KA30179,Atlantic,Alfea Excellia S 14 DUO XL Tri,10,3475,2250,R032,675
KA30180,Atlantic,Alfea Excellia S 14 Tri,10,3475,2250,R032,675
KA17817,Atlantic,ALFEA EXTENSA  (A.I./ S) 5 R32,4,2125,900,R032,675
KA18006,Atlantic,ALFEA EXTENSA  (A.I./ S) 6 R32,5,2350,1125,R032,675
KA20245,Atlantic,ALFEA EXTENSA (A.I./ S) 10 R32,8,3025,1800,R032,675
KA17840,Atlantic,ALFEA EXTENSA (A.I./ S) 8 R32,6,2575,1350,R032,675
KA20246,Atlantic,ALFEA EXTENSA DUO (A.I./ S) 10 R32,8,3025,1800,R032,675
KA20247,Atlantic,ALFEA EXTENSA DUO (A.I./ S) 3 R32,4,2125,900,R032,675
KA17855,Atlantic,ALFEA EXTENSA DUO (A.I./ S) 5 R32,4,2125,900,R032,675
KA17989,Atlantic,ALFEA EXTENSA DUO (A.I./ S) 6 R32,5,2350,1125,R032,675
KA17867,Atlantic,ALFEA EXTENSA DUO (A.I./ S) 8 R32,6,2575,1350,R032,675
KA27364,Atlantic,Alfea Extensa M 11,9,3250,2025,R032,675
KA27365,Atlantic,Alfea Extensa M 5,4,2125,900,R032,675
KA27366,Atlantic,Alfea Extensa M 6,5,2350,1125,R032,675
KA27367,Atlantic,Alfea Extensa M 8,8,3025,1800,R032,675
KA27368,Atlantic,Alfea Extensa M DUO 11,9,3250,2025,R032,675
KA27369,Atlantic,Alfea Extensa M DUO 5,4,2125,900,R032,675
KA27370,Atlantic,Alfea Extensa M DUO 6,5,2350,1125,R032,675
KA27371,Atlantic,Alfea Extensa M DUO 8,8,3025,1800,R032,675
KA28070,Atlantic,Alfea Extensa M DUO XL 11,9,3250,2025,R032,675
KA28071,Atlantic,Alfea Extensa M DUO XL 5,4,2125,900,R032,675
KA28072,Atlantic,Alfea Extensa M DUO XL 6,5,2350,1125,R032,675
KA28073,Atlantic,Alfea Extensa M DUO XL 8,8,3025,1800,R032,675
KA32231,Atlantic,ALFEA EXTENSA S DUO XL 10 R32,8,3025,1800,R032,675
KA32232,Atlantic,ALFEA EXTENSA S DUO XL 3 R32,4,2125,900,R032,675
KA32233,Atlantic,ALFEA EXTENSA S DUO XL 5 R32,4,2125,900,R032,675
KA32234,Atlantic,ALFEA EXTENSA S DUO XL 6 R32,5,2350,1125,R032,675
KA32235,Atlantic,ALFEA EXTENSA S DUO XL 8 R32,6,2575,1350,R032,675
KA31701,Atlantic,ALFEA M 10 TRI *,10,3475,2250,R290 (Propaan),3
KA31702,Atlantic,ALFEA M 12 TRI *,12,3925,2700,R290 (Propaan),3
KA31703,Atlantic,ALFEA M 6 *,6,2575,1350,R290 (Propaan),3
KA31704,Atlantic,ALFEA M 6 TRI *,6,2575,1350,R290 (Propaan),3
KA31705,Atlantic,ALFEA M 8 *,8,3025,1800,R290 (Propaan),3
KA31706,Atlantic,ALFEA M 8 TRI *,8,3025,1800,R290 (Propaan),3
KA17887,Atlantic,AUREA 5 R32 HYBRID ADD-ON,4,2125,900,R032,675
KA29446,Auratsu,AHM-60RA1/AHA-06RA1,6,2575,1350,R032,675
KA27695,AUX,ACHP-H04/4R2HA-M,5,2350,1125,R290 (Propaan),3
KA29081,AUX,ACHP-H04/4R3HA-M,5,2350,1125,R032,675
KA27696,AUX,ACHP-H06/4R2HA-M,6,2575,1350,R290 (Propaan),3
KA29082,AUX,ACHP-H06/4R3HA-M,6,2575,1350,R032,675
KA27697,AUX,ACHP-H08/4R2HA-M,7,2800,1575,R290 (Propaan),3
KA29083,AUX,ACHP-H08/4R3HA-M,7,2800,1575,R032,675
KA27698,AUX,ACHP-H10/4R2HA-M,8,3025,1800,R290 (Propaan),3
KA29084,AUX,ACHP-H10/4R3HA-M,8,3025,1800,R032,675
KA27699,AUX,ACHP-H12/4R2HA-M,11,3700,2475,R290 (Propaan),3
KA29085,AUX,ACHP-H12/4R3HA-M,11,3700,2475,R032,675
KA29086,AUX,ACHP-H12/5R3HA-M,11,3700,2475,R032,675
KA27700,AUX,ACHP-H14/4R2HA-M,13,4150,2925,R290 (Propaan),3
KA29087,AUX,ACHP-H14/4R3HA-M,13,4150,2925,R032,675
KA29088,AUX,ACHP-H14/5R3HA-M,13,4150,2925,R032,675
KA27701,AUX,ACHP-H16/4R2HA-M,14,4375,3150,R290 (Propaan),3
KA29089,AUX,ACHP-H16/4R3HA-M,14,4375,3150,R032,675
KA29090,AUX,ACHP-H16/5R3HA-M,14,4375,3150,R032,675
KA21487,AUX,R32 Split Type 10kW,8,3025,1800,R032,675
KA21488,AUX,R32 Split Type 12kW,11,3700,2475,R032,675
KA21489,AUX,R32 Split Type 14kW,13,4150,2925,R032,675
KA21490,AUX,R32 Split Type 16kW,14,4375,3150,R032,675
KA21492,AUX,R32 Split Type 6kW,6,2375,1350,R032,675
KA21493,AUX,R32 Split Type 8kW,6,2575,1350,R032,675
KA28443,AXEN,KS-120W/EN7BP,11,3700,2475,R290 (Propaan),3
KA28445,AXEN,KS-160W/EN7BP,13,4150,2925,R290 (Propaan),3
KA28447,AXEN,KS-40W/EN7BP,4,2125,900,R290 (Propaan),3
KA28448,AXEN,KS-70W/EN7BP,6,2575,1350,R290 (Propaan),3
KA28449,AXEN,KS-90W/EN7BP,8,3025,1800,R290 (Propaan),3
KA29034,Batavia Heat,BH-R290-130 (380V),8,3025,1800,R290 (Propaan),3
KA29037,Batavia Heat,BH-R290-200,13,4150,2925,R290 (Propaan),3
KA29039,Batavia Heat,BH-R290-90 (220V),5,2350,1125,R290 (Propaan),3
KA30254,Batavia Heat,BH-R290-V220-130,8,3025,1800,R290 (Propaan),3
KA32030,Batavia Heat,BH-SILR290-130,9,3250,2025,R290 (Propaan),3
KA32031,Batavia Heat,BH-SILR290-160,11,3700,2475,R290 (Propaan),3
KA32032,Batavia Heat,BH-SILR290-90,6,2575,1350,R290 (Propaan),3
KA32033,Batavia Heat,BH-SILR290-V220-130,9,3250,2025,R290 (Propaan),3
KA29870,BEN,BEN Dual-Air,5,2350,1125,R290 (Propaan),3
KA29236,Beretta,HYDRO UNIT M8,7,2800,1575,R032,675
KA27372,Best Heat Pumps,SMRT3-006TC1,5,2350,1125,R290 (Propaan),3
KA27373,Best Heat Pumps,SMTR3-008TC1,7,2800,1575,R290 (Propaan),3
KA27374,Best Heat Pumps,SMTR3-008TC3,7,2800,1575,R290 (Propaan),3
KA27375,Best Heat Pumps,SMTR3-012TC1,9,3250,2025,R290 (Propaan),3
KA27376,Best Heat Pumps,SMTR3-012TC3,9,3250,2025,R290 (Propaan),3
KA27377,Best Heat Pumps,SMTR3-018TC1,15,4400,3375,R290 (Propaan),3
KA27378,Best Heat Pumps,SMTR3-018TC3,15,4400,3375,R290 (Propaan),3
KA19798,BIODOM 27 d.o.o.,15M,10,3475,2250,R032,675
KA19799,BIODOM 27 d.o.o.,19M,14,4375,3150,R032,675
KA17347,BIODOM 27 d.o.o.,BioBlock 12M,8,3025,1800,R032,675
KA17345,BIODOM 27 d.o.o.,BioBlock 6M,4,2125,900,R032,675
KA17346,BIODOM 27 d.o.o.,BioBlock 9M,6,2575,1350,R032,675
KA22440,Bosch,All-electric Split 10 3400i AWS,6,2575,1350,R032,675
KA22441,Bosch,All-electric Split 10 400V 3400i AWS,9,3250,2025,R410A,2088
KA22442,Bosch,All-electric Split 12 400V 3400i AWS,10,3475,2250,R410A,2088
KA22443,Bosch,All-electric Split 14 400V 3400i AWS,10,3475,2250,R410A,2088
KA22444,Bosch,All-electric Split 4 3400i AWS,4,2125,900,R032,675
KA22445,Bosch,All-electric Split 6 3400i AWS,5,2350,1125,R032,675
KA22446,Bosch,All-electric Split 8 3400i AWS,6,2575,1350,R032,675
KA22447,Bosch,All-electric Tower Split 10 3400i AWS,6,2575,1350,R032,675
KA22448,Bosch,All-electric Tower Split 10 400V 3400i AWS,9,3250,2025,R410A,2088
KA22449,Bosch,All-electric Tower Split 12 400V 3400i AWS,10,3475,2250,R410A,2088
KA22450,Bosch,All-electric Tower Split 14 400V 3400i AWS,10,3475,2250,R410A,2088
KA22451,Bosch,All-electric Tower Split 4 3400i AWS,4,2125,900,R032,675
KA22452,Bosch,All-electric Tower Split 6 3400i AWS,5,2350,1125,R032,675
KA22453,Bosch,All-electric Tower Split 8 3400i AWS,6,2575,1350,R032,675
KA28405,Bosch,Compress 2000AWF 10 R-S (2024),8,3025,1800,R032,675
KA28406,Bosch,Compress 2000AWF 12 R-T (2024),11,3700,2475,R032,675
KA28407,Bosch,Compress 2000AWF 14 R-T (2024),12,3925,2700,R032,675
KA28015,Bosch,Compress 2000AWF 16 R-T,13,4150,2925,R032,675
KA27807,Bosch,Compress 2000AWF 18 R-T,16,4825,3600,R032,675
KA28016,Bosch,Compress 2000AWF 22 R-T,20,5725,4500,R032,675
KA28017,Bosch,Compress 2000AWF 26 R-T,22,6175,4950,R032,675
KA27979,Bosch,Compress 2000AWF 30 R-T,24,6425,5400,R032,675
KA28408,Bosch,Compress 2000AWF 4 R-S (2024),5,2350,1125,R032,675
KA28409,Bosch,Compress 2000AWF 6 R-S (2024),6,2575,1350,R032,675
KA28410,Bosch,Compress 2000AWF 8 R-S (2024),7,2800,1575,R032,675
KA18889,Bosch,Compress 3800i EW 9,1,1250,225,R134A,1430
KA19980,Bosch,Compress 5000 AW 22 O,21,5750,4725,R407C,1774
KA19981,Bosch,Compress 5000 AW 38 O,36,9125,8100,R407C,1774
KA28182,Bosch,Compress 5800i AW 10 OR-T (2024),9,3250,2025,R290 (Propaan),3
KA28183,Bosch,Compress 5800i AW 12 OR-T (2024),12,3925,2700,R290 (Propaan),3
KA28184,Bosch,Compress 5800i AW 4 OR-S (2024),4,2125,900,R290 (Propaan),3
KA28185,Bosch,Compress 5800i AW 5 OR-S (2024),6,2375,1350,R290 (Propaan),3
KA28186,Bosch,Compress 5800i AW 7 OR-S (2024),6,2375,1350,R290 (Propaan),3
KA28821,Bosch,Compress 5800i AWR 7,6,2575,1350,R290 (Propaan),3
KA32139,Bosch,Compress 7000iAW 9 OR-S,7,2600,1575,R410A,2088
KA30141,Bosch,Compress 7001i AW 13 OR-S,9,3050,2025,R410A,2088
KA17547,Bosch,Compress 7400i AW 5,5,2150,1125,R410A,2088
KA17548,Bosch,Compress 7400i AW 7,6,2375,1350,R410A,2088
KA25773,Bosch,Compress CS3400iAWS 10 OR*-S,6,2375,1350,R032,675
KA25772,Bosch,Compress CS3400iAWS 10 OR*-T,9,3050,2025,R410A,2088
KA27578,Bosch,CS 3000AWP 59P,53,12950,11925,R032,675
KA23466,Bosch,CS3000AWP 19(*),17,4850,3825,R032,675
KA23476,Bosch,CS3000AWP 36 P(*),32,8225,7200,R032,675
KA23480,Bosch,CS3000AWP 41 P(*),38,9575,8550,R032,675
KA27061,Bosch,CS3000AWP 53,49,12050,11025,R032,675
KA30912,Bosch,CS3000AWP 53 MB,49,12050,11025,R032,675
KA30913,Bosch,CS3000AWP 53 P,49,12050,11025,R032,675
KA30914,Bosch,CS3000AWP 53 S,49,12050,11025,R032,675
KA30915,Bosch,CS3000AWP 59,52,12725,11700,R032,675
KA30916,Bosch,CS3000AWP 59 MB,52,12725,11700,R032,675
KA30917,Bosch,CS3000AWP 59 S,52,12725,11700,R032,675
KA22454,Bosch,Hybride Split 10 3400i AWS,6,2575,1350,R032,675
KA22455,Bosch,Hybride Split 10 400V 3400i AWS,9,3250,2025,R410A,2088
KA22456,Bosch,Hybride Split 12 400V 3400i AWS,10,3475,2250,R410A,2088
KA22457,Bosch,Hybride Split 14 400V 3400i AWS,10,3475,2250,R410A,2088
KA22458,Bosch,Hybride Split 4 3400i AWS,4,2125,900,R032,675
KA22459,Bosch,Hybride Split 6 3400i AWS,5,2350,1125,R032,675
KA22460,Bosch,Hybride Split 8 3400i AWS,6,2575,1350,R032,675
KA25851,Carrier,30AWH004P,3,1900,675,R290 (Propaan),3
KA27639,Carrier,30AWH012HP9,8,3025,1800,R290 (Propaan),3
KA27640,Carrier,30AWH014HP9,8,3025,1800,R290 (Propaan),3
KA25856,Carrier,30AWH014P,8,3025,1800,R290 (Propaan),3
KA30006,Carrier,61AQ040P,29,7550,6525,R290 (Propaan),3
KA30007,Carrier,61AQ050P,38,9575,8550,R290 (Propaan),3
KA30008,Carrier,61AQ060P,45,11150,10125,R290 (Propaan),3
KA32230,Carrier,61AQ070P,51,12500,11475,R290 (Propaan),3
KA30009,Carrier,61AQ080P,58,14075,13050,R290 (Propaan),3
KA31888,Centrometal,MHP10R290CM,8,3025,1800,R290 (Propaan),3
KA31889,Centrometal,MHP16R290P3CM,13,4150,2925,R290 (Propaan),3
KA31890,Centrometal,MHP26R290P3CM,23,6400,5175,R290 (Propaan),3
KA31891,Centrometal,MHP30R290P3CM,27,7100,6075,R290 (Propaan),3
KA31892,Centrometal,MHP35R290P3CM,31,8000,6975,R290 (Propaan),3
KA31893,Centrometal,MHP6R290CM,6,2575,1350,R290 (Propaan),3
KA25096,Centrometal,MHPP5RP24CM,6,2575,1350,R032,675
KA25097,Centrometal,MHPP9RP24CM,8,3025,1800,R032,675
KA30890,Chofu,AEYC-0449ZU-CH1,5,2350,1125,R290 (Propaan),3
KA27410,Chofu,AEYC-0643XU-CH (5kW),4,2125,900,R032,675
KA30891,Chofu,AEYC-0649ZU-CH,5,2350,1125,R290 (Propaan),3
KA30892,Chofu,AEYC-0649ZU-CH1,6,2575,1350,R290 (Propaan),3
KA30893,Chofu,AEYC-0849ZU-CH,6,2575,1350,R290 (Propaan),3
KA27411,Chofu,AEYC-1043XU-CH (8kW),7,2800,1575,R032,675
KA30894,Chofu,AEYC-1049ZU-CH1,10,3475,2250,R290 (Propaan),3
KA27412,Chofu,AEYC-1242XU-CH (10kW),9,3250,2025,R032,675
KA30895,Chofu,AEYC-1249ZU-CH,10,3475,2250,R290 (Propaan),3
KA27413,Chofu,AEYC-1642XU3-CH (13kW),12,3925,2700,R032,675
KA27414,Chofu,AEYC-1643XU-CH (13kW),11,3700,2475,R032,675
KA31659,CIAT,ILD-0260R-A + XLN +HO,44,10925,9900,R032,675
KA29628,Climalutions,ONE 12-V2,9,3250,2025,R290 (Propaan),3
KA29629,Climalutions,ONE 12T-V2,9,3250,2025,R290 (Propaan),3
KA13981,Climaveneta,i-BX-N 013T,10,3275,2250,R410A,2088
KA21469,Climer,ACP06,6,2575,1350,R032,675
KA21470,Climer,ACP08,7,2800,1575,R032,675
KA21474,Climer,ACP12T,9,3250,2025,R032,675
KA21476,Climer,ACP14T,11,3700,2475,R032,675
KA26844,Climer,Airys AI201,13,3950,2925,R410A,2088
KA29338,Climer,Airys One AI071,5,2150,1125,R410A,2088
KA29339,Climer,Airys One AI101,7,2600,1575,R410A,2088
KA29340,Climer,Airys One AI161,11,3500,2475,R410A,2088
KA21146,Clivet,SQKN-YEE 1 BC 3.1,5,2150,1125,R032,675
KA21147,Clivet,SQKN-YEE 1 BC 4.1,6,2375,1350,R032,675
KA21148,Clivet,SQKN-YEE 1 BC 5.1,8,2825,1800,R032,675
KA21149,Clivet,SQKN-YEE 1 BC 6.1,10,3275,2250,R032,675
KA21158,Clivet,SQKN-YEE 1 TC 4.1,6,2375,1350,R032,675
KA28955,Clivet,WiSAN-P 14.1,26,7075,5850,R290 (Propaan),3
KA28956,Clivet,WiSAN-P 16.1,30,7975,6750,R290 (Propaan),3
KA28957,Clivet,WiSAN-P 18.1,35,8900,7875,R290 (Propaan),3
KA28958,Clivet,WiSAN-P 19.1,39,9800,8775,R290 (Propaan),3
KA28959,Clivet,WiSAN-P 20.1,43,10700,9675,R290 (Propaan),3
KA28960,Clivet,WiSAN-P 25.2,46,11575,10350,R290 (Propaan),3
KA28961,Clivet,WiSAN-P 30.2,54,13375,12150,R290 (Propaan),3
KA27875,Clivet,WiSAN-PME 1 S 2.1,4,2125,900,R290 (Propaan),3
KA27876,Clivet,WiSAN-PME 1 S 3.1,6,2575,1350,R290 (Propaan),3
KA27877,Clivet,WiSAN-PME 1 S 4.1,7,2800,1575,R290 (Propaan),3
KA27878,Clivet,WiSAN-PME 1 S 5.1,8,3025,1800,R290 (Propaan),3
KA27879,Clivet,WiSAN-PME 1 S 6.1T,11,3700,2475,R290 (Propaan),3
KA27880,Clivet,WiSAN-PME 1 S 7.1T,12,3925,2700,R290 (Propaan),3
KA27881,Clivet,WiSAN-PME 1 S 8.1T,13,4150,2925,R290 (Propaan),3
KA32024,Clivet,WiSAN-PMP 1 S 12.1,23,6400,5175,R290 (Propaan),3
KA32025,Clivet,WiSAN-PMP 1 S 14.1,27,7100,6075,R290 (Propaan),3
KA32013,Clivet,WiSAN-PMP 1 S 2.1,4,2125,900,R290 (Propaan),3
KA32014,Clivet,WiSAN-PMP 1 S 3.1,6,2575,1350,R290 (Propaan),3
KA32015,Clivet,WiSAN-PMP 1 S 4.1,7,2800,1575,R290 (Propaan),3
KA32016,Clivet,WiSAN-PMP 1 S 4.1T,7,2800,1575,R290 (Propaan),3
KA32017,Clivet,WiSAN-PMP 1 S 5.1T,9,3250,2025,R290 (Propaan),3
KA32018,Clivet,WiSAN-PMP 1 S 6.1T,11,3700,2475,R290 (Propaan),3
KA32019,Clivet,WiSAN-PMP 1 S 7.1T,12,3925,2700,R290 (Propaan),3
KA32020,Clivet,WiSAN-PMP 1 S 8.1T,14,4375,3150,R290 (Propaan),3
KA26450,Clivet,WiSAN-YME 1 S 10.1,20,5725,4500,R032,675
KA26451,Clivet,WiSAN-YME 1 S 12.1,22,6175,4950,R032,675
KA26452,Clivet,WiSAN-YME 1 S 14.1,24,6425,5400,R032,675
KA26453,Clivet,WiSAN-YME 1 S 2.1,5,2350,1125,R032,675
KA26454,Clivet,WiSAN-YME 1 S 3.1,6,2575,1350,R032,675
KA26455,Clivet,WiSAN-YME 1 S 4.1,7,2800,1575,R032,675
KA26456,Clivet,WiSAN-YME 1 S 5.1,8,3025,1800,R032,675
KA26457,Clivet,WiSAN-YME 1 S 6.1,11,3700,2475,R032,675
KA26458,Clivet,WiSAN-YME 1 S 7.1,12,3925,2700,R032,675
KA26459,Clivet,WiSAN-YME 1 S 8.1,14,4375,3150,R032,675
KA26460,Clivet,WiSAN-YME 1 S 9.1,16,4825,3600,R032,675
KA25860,Clivet,WiSAN-YSE1 16.2 PRM,32,8225,7200,R032,675
KA24990,Clivet,WiSAN-YSE1 22.2 EXC,34,8675,7650,R032,675
KA16322,Clivet,WSAN-YES 30.2,50,12275,11250,R032,675
KA23101,Cooper&Hunter,CH-HP09UIMPZK,4,2125,900,R290 (Propaan),3
KA24939,Cooper&Hunter,CH-HP12SIRK4,10,3475,2250,R032,675
KA22145,Cooper&Hunter,CH-HP16WTSIRM3,12,3725,2700,R032,675
KA22534,Cooper&Hunter,CH-HP23UIMPRM-P,11,3700,2475,R290 (Propaan),3
KA24945,Cooper&Hunter,CH-HP8.0SIRK4,6,2575,1350,R032,675
KA31038,CTA AG,AH CL 11a,9,3250,2025,R290 (Propaan),3
KA31039,CTA AG,AH CL 16a,13,4150,2925,R290 (Propaan),3
KA28612,CTA AG,AH CL 5a,5,2350,1125,R290 (Propaan),3
KA28613,CTA AG,AH CL 8a,7,2800,1575,R290 (Propaan),3
KA19782,CTC,CTC EcoAir 614M 400V + CTC EcoZenith i360,8,3025,1800,R407C,1774
KA19786,CTC,CTC EcoAir 622M 400V + CTC EcoZenith i360,9,3250,2025,R407C,1774
KA19789,CTC,CTC EcoAir 622M 400V + EcoZenith i555,9,3250,2025,R407C,1774
KA15267,CTC,EcoAir 622M + CTC EcoLogic,9,3250,2025,R407C,1774
KA15968,CTC,EcoAir 622M + CTC EcoZenith i550,9,3050,2025,R407C,1774
KA28099,CTC,EcoAir 708M + CTC EcoLogic,5,2350,1125,R290 (Propaan),3
KA28100,CTC,EcoAir 708M + CTC EcoZenith i360,5,2350,1125,R290 (Propaan),3
KA28101,CTC,EcoAir 712M + CTC EcoLogic,7,2800,1575,R290 (Propaan),3
KA28102,CTC,EcoAir 712M + CTC EcoZenith i360,7,2800,1575,R290 (Propaan),3
KA31255,CTC,EcoAir 720M,12,3925,2700,R290 (Propaan),3
KA32262,CTC,EcoAir C106M & EcoLogic,4,2125,900,R290 (Propaan),3
KA32263,CTC,EcoAir C108M & EcoLogic,7,2800,1575,R290 (Propaan),3
KA32264,CTC,EcoAir C112M & EcoLogic,9,3250,2025,R290 (Propaan),3
KA32265,CTC,EcoAir C116M & EcoLogic,11,3700,2475,R290 (Propaan),3
KA22093,Daikin,EBLA04E(3)V3,5,2350,1125,R032,675
KA22094,Daikin,EBLA06E(3)V3,6,2575,1350,R032,675
KA22095,Daikin,EBLA08E(3)V3,7,2800,1575,R032,675
KA18895,Daikin,EBLA09D(3)W1,9,3250,2025,R032,675
KA18896,Daikin,EBLA11D(3)W1,10,3475,2250,R032,675
KA18897,Daikin,EBLA14D(3)W1,11,3700,2475,R032,675
KA18898,Daikin,EBLA16D(3)W1,12,3925,2700,R032,675
KA22096,Daikin,EDLA04E(3)V3,5,2350,1125,R032,675
KA22097,Daikin,EDLA06E(3)V3,6,2575,1350,R032,675
KA22098,Daikin,EDLA08E(3)V3,7,2800,1575,R032,675
KA18899,Daikin,EDLA09D(3)W1,9,3250,2025,R032,675
KA18900,Daikin,EDLA11D(3)W1,10,3475,2250,R032,675
KA18901,Daikin,EDLA14D(3)W1,11,3700,2475,R032,675
KA18902,Daikin,EDLA16D(3)W1,12,3925,2700,R032,675
KA14853,Daikin,EJHA04AV3,3,1700,675,R032,675
KA18624,Daikin,EPGA11DV + EAVX16S18D6V,13,3950,2925,R032,675
KA18578,Daikin,EPGA11DV + EAVX16S23D6V,13,3950,2925,R032,675
KA27953,Daikin,EPGA16DV + EA**16*D*V7,15,4600,3375,R032,675
KA20874,Daikin,EPRA08EV3,8,3025,1800,R032,675
KA20875,Daikin,EPRA08EW1,8,3025,1800,R032,675
KA20876,Daikin,EPRA10EV3,8,3025,1800,R032,675
KA20877,Daikin,EPRA10EW1,8,3025,1800,R032,675
KA20878,Daikin,EPRA12EV3,8,3025,1800,R032,675
KA20879,Daikin,EPRA12EW1,8,3025,1800,R032,675
KA16962,Daikin,EPRA14DAW1,13,3950,2925,R032,675
KA16963,Daikin,EPRA16DAW1,13,3950,2925,R032,675
KA16964,Daikin,EPRA18D*W1*,13,3950,2925,R032,675
KA30154,Daikin,EPSK06AV3 + EPBX10/EPVX10,6,2575,1350,R290 (Propaan),3
KA30155,Daikin,EPSK08AV3 + EPBX10/EPVX10,7,2800,1575,R290 (Propaan),3
KA30156,Daikin,EPSK08AW1 + EPBX10/EPVX10,7,2800,1575,R290 (Propaan),3
KA30157,Daikin,EPSK10AW1 + EPBX10/EPVX10,8,3025,1800,R290 (Propaan),3
KA30158,Daikin,EPSK12AW1 + EPBX14/EPVX12,11,3700,2475,R290 (Propaan),3
KA30159,Daikin,EPSK14AW1 + EPBX14/EPVX12,14,4375,3150,R290 (Propaan),3
KA31453,Daikin,EPSKS04AV3 + EPBX07A4V,6,2575,1350,R290 (Propaan),3
KA31454,Daikin,EPSKS04AV3 + EPVX07S**,6,2575,1350,R290 (Propaan),3
KA31455,Daikin,EPSKS06AV3 + EPBX07A4V,6,2575,1350,R290 (Propaan),3
KA31456,Daikin,EPSKS06AV3 + EPVX07S**,6,2575,1350,R290 (Propaan),3
KA31457,Daikin,EPSKS07AV3 + EPBX07A4V,7,2800,1575,R290 (Propaan),3
KA31458,Daikin,EPSKS07AV3 + EPVX07S**,7,2800,1575,R290 (Propaan),3
KA12260,Daikin,ERGA04(D)(E)V* icm EHB(H)(X)04(D)(E)****,6,2575,1350,R032,675
KA12254,Daikin,ERGA04(D)(E)V* icm EHV(H)(X)(Z)04S18(D)(E)****,6,2575,1350,R032,675
KA12257,Daikin,ERGA04(D)(E)V* icm EHV(H)(X)(Z)04S23(D)(E)****,6,2575,1350,R032,675
KA12261,Daikin,ERGA06(D)(E)V* icm EHB(H)(X)08(D)(E)****,6,2575,1350,R032,675
KA12255,Daikin,ERGA06(D)(E)V* icm EHV(H)(X)(Z)08S18(D)(E)****,6,2575,1350,R032,675
KA12258,Daikin,ERGA06(D)(E)V* icm EHV(H)(X)(Z)08S23(D)(E)****,6,2575,1350,R032,675
KA15978,Daikin,ERGA06(D)(E)V3 icm EHSH08P30(D)(E),6,2575,1350,R032,675
KA15984,Daikin,ERGA06(D)(E)V3 icm EHSX08P50(D)(E),6,2575,1350,R032,675
KA15985,Daikin,ERGA06(D)(E)V3 icm EHSXB08P50(D)(E),6,2575,1350,R032,675
KA12262,Daikin,ERGA08(D)(E)V* icm EHB(H)(X)08(D)(E)****,8,3025,1800,R032,675
KA12256,Daikin,ERGA08(D)(E)V* icm EHV(H)(X)(Z)08S18(D)(E)****,8,3025,1800,R032,675
KA12259,Daikin,ERGA08(D)(E)V* icm EHV(H)(X)(Z)08S23(D)(E)****,8,3025,1800,R032,675
KA15986,Daikin,ERGA08(D)(E)V3 icm EHSH08P30(D)(E),8,3025,1800,R032,675
KA15990,Daikin,ERGA08(D)(E)V3 icm EHSH08P50(D)(E),8,3025,1800,R032,675
KA15987,Daikin,ERGA08(D)(E)V3 icm EHSHB08P30(D)(E),8,3025,1800,R032,675
KA15988,Daikin,ERGA08(D)(E)V3 icm EHSX08P30(D)(E),8,3025,1800,R032,675
KA15992,Daikin,ERGA08(D)(E)V3 icm EHSX08P50(D)(E),8,3025,1800,R032,675
KA15989,Daikin,ERGA08(D)(E)V3 icm EHSXB08P30(D)(E),8,3025,1800,R032,675
KA15993,Daikin,ERGA08(D)(E)V3 icm EHSXB08P50(D)(E),8,3025,1800,R032,675
KA17551,Daikin,ERLA03DAV3,4,1925,900,R032,675
KA20880,Daikin,ERLA11DV3  + EB**-D* binnenuint,9,3250,2025,R032,675
KA20881,Daikin,ERLA11DW1 + EB**-D binnneunit,9,3250,2025,R032,675
KA20882,Daikin,ERLA14DV3 + EB**-D binnenunit,10,3475,2250,R032,675
KA20883,Daikin,ERLA14DW1 + EB**-D binnenunit,10,3475,2250,R032,675
KA20884,Daikin,ERLA16DV3 + EB**-D binnenunit,11,3700,2475,R032,675
KA20885,Daikin,ERLA16DW1 + EB**-D binnenunit,11,3700,2475,R032,675
KA26106,Daikin,ERRA08EW1 icm binnendeel,9,3050,2025,R032,675
KA26122,Daikin,ERRA10EW1 icm binnendeel,9,3050,2025,R032,675
KA26138,Daikin,ERRA12EW1 icm binnendeel,10,3275,2250,R032,675
KA01382,Daikin,EVLQ08(**)V3 + EHYHBH08(**)V3 +NHYKOMB33(**),6,2375,1350,R410A,2088
KA01383,Daikin,EVLQ08(**)V3 + EHYHBX08(**)V3 +NHYKOMB33(**),6,2375,1350,R410A,2088
KA29984,Daikin,EWYE019CZN-A1,15,4400,3375,R454C,146
KA29985,Daikin,EWYE019CZP-A1,15,4400,3375,R454C,146
KA29986,Daikin,EWYE022CZN-A1,15,4400,3375,R454C,146
KA29987,Daikin,EWYE022CZP-A1,15,4400,3375,R454C,146
KA29988,Daikin,EWYE025CZN-A1,15,4400,3375,R454C,146
KA29989,Daikin,EWYE025CZP-A1,15,4400,3375,R454C,146
KA29990,Daikin,EWYE030CZN-A1,22,5975,4950,R454C,146
KA29991,Daikin,EWYE030CZP-A1,22,5975,4950,R454C,146
KA29992,Daikin,EWYE035CZN-A1,22,5975,4950,R454C,146
KA29993,Daikin,EWYE035CZP-A1,22,5975,4950,R454C,146
KA29994,Daikin,EWYE050CZP-A2,38,9575,8550,R454C,146
KA29995,Daikin,EWYE060CZP-A2,38,9575,8550,R454C,146
KA29996,Daikin,EWYE070CZN-A2,47,11600,10575,R454C,146
KA29997,Daikin,EWYE070CZP-A2,47,11600,10575,R454C,146
KA20524,Daikin,EWYT025CZ(H)(N)(P)-A1,17,4850,3825,R032,675
KA20525,Daikin,EWYT032CZ(H)(N)(P)-A1,22,5975,4950,R032,675
KA25875,Daikin,EWYT032CZI-A1 / EWYT032CZO-A1,22,5975,4950,R032,675
KA20526,Daikin,EWYT040CZ(H)(N)(P)-A1,27,7100,6075,R032,675
KA20527,Daikin,EWYT040CZ(H)(N)(P)-A2,28,7325,6300,R032,675
KA20528,Daikin,EWYT050CZ(H)(N)(P)-A2,35,8900,7875,R032,675
KA20529,Daikin,EWYT064CZ(H)(N)(P)-A2,43,10700,9675,R032,675
KA20530,Daikin,EWYT090CZ(H)(N)(P)-A2,60,14525,13500,R032,675
KA22291,DeWarmte,Pomp AO,6,2375,1350,R032,675
KA31135,DeWarmte,Pomp MP,9,3250,2025,R290 (Propaan),3
KA32241,Deye,DAWG1-ACDC-10R3EP,9,3250,2025,R290 (Propaan),3
KA32242,Deye,DAWG1-ACDC-12R3EP,11,3700,2475,R290 (Propaan),3
KA32243,Deye,DAWG1-ACDC2-12R3EP,11,3700,2475,R290 (Propaan),3
KA32244,Deye,DAWG1-ACDC2-16R3EP,13,3950,2925,R290 (Propaan),3
KA22992,Domusa Teknik,DUAL CLIMA 12 HT,8,3025,1800,R290 (Propaan),3
KA20547,Domusa Teknik,DUAL CLIMA 12 R,8,3025,1800,R032,675
KA30924,Domusa Teknik,DUAL CLIMA 12HT PRO,9,3250,2025,R290 (Propaan),3
KA30925,Domusa Teknik,DUAL CLIMA 12HTT PRO,9,3250,2025,R290 (Propaan),3
KA22993,Domusa Teknik,DUAL CLIMA 16 HT,11,3700,2475,R290 (Propaan),3
KA22994,Domusa Teknik,DUAL CLIMA 16 HTT,11,3700,2475,R290 (Propaan),3
KA20548,Domusa Teknik,DUAL CLIMA 16 R,9,3250,2025,R032,675
KA20549,Domusa Teknik,DUAL CLIMA 16 RT,9,3250,2025,R032,675
KA30926,Domusa Teknik,DUAL CLIMA 16HT PRO,11,3700,2475,R290 (Propaan),3
KA30927,Domusa Teknik,DUAL CLIMA 16HTT PRO,11,3700,2475,R290 (Propaan),3
KA20551,Domusa Teknik,DUAL CLIMA 19 RT,11,3700,2475,R032,675
KA30928,Domusa Teknik,DUAL CLIMA 19HT PRO,13,4150,2925,R290 (Propaan),3
KA30929,Domusa Teknik,DUAL CLIMA 19HTT PRO,13,4150,2925,R290 (Propaan),3
KA30930,Domusa Teknik,DUAL CLIMA 22HTT PRO,14,4375,3150,R290 (Propaan),3
KA22995,Domusa Teknik,DUAL CLIMA 6 HT,4,2125,900,R290 (Propaan),3
KA30931,Domusa Teknik,DUAL CLIMA 6HT PRO,5,2350,1125,R290 (Propaan),3
KA22996,Domusa Teknik,DUAL CLIMA 9 HT,6,2575,1350,R290 (Propaan),3
KA20553,Domusa Teknik,DUAL CLIMA 9 R,6,2575,1350,R032,675
KA30932,Domusa Teknik,DUAL CLIMA 9HT PRO,7,2800,1575,R290 (Propaan),3
KA27712,Dream Maker,Dream Maker Ecoline 12 kW,8,3025,1800,R032,675
KA27713,Dream Maker,Dream Maker Ecoline 9 kW,6,2575,1350,R032,675
KA25028,DURA,DHP-070-050-M,5,2350,1125,R032,675
KA27707,DURA,DHP-070-050-M290,5,2350,1125,R290 (Propaan),3
KA25029,DURA,DHP-070-050-S,5,2350,1125,R032,675
KA27708,DURA,DHP-090-070-M290,6,2575,1350,R290 (Propaan),3
KA25031,DURA,DHP-090-070-S,7,2800,1575,R032,675
KA25032,DURA,DHP-130-100-M,10,3475,2250,R032,675
KA27709,DURA,DHP-130-100-M290,10,3475,2250,R290 (Propaan),3
KA27710,DURA,DHP-130-100-M290T,10,3475,2250,R290 (Propaan),3
KA25033,DURA,DHP-130-100-S,10,3475,2250,R032,675
KA25034,DURA,DHP-170-130-M,14,4375,3150,R032,675
KA27711,DURA,DHP-170-130-M290T,13,4150,2925,R290 (Propaan),3
KA25035,DURA,DHP-170-130-S,14,4375,3150,R032,675
KA28844,Durafy,D12,9,3250,2025,R290 (Propaan),3
KA28845,Durafy,D18,15,4400,3375,R290 (Propaan),3
KA29974,dVes Duurzaam,DV040-DKZLRS-E/S,8,2825,1800,R290 (Propaan),3
KA29975,dVes Duurzaam,DV050-DKZLRS-E,11,3500,2475,R290 (Propaan),3
KA31815,dVes Duurzaam,DV06-DKXLRE1-H8,5,2350,1125,R290 (Propaan),3
KA29976,dVes Duurzaam,DV060-DKZLRS-E,12,3925,2700,R290 (Propaan),3
KA31816,dVes Duurzaam,DV08-DKXLRE1-H8,7,2800,1575,R290 (Propaan),3
KA31817,dVes Duurzaam,DV10-DKXLRE3-H8,9,3250,2025,R290 (Propaan),3
KA31818,dVes Duurzaam,DV12-DKXLRE3-H8,11,3700,2475,R290 (Propaan),3
KA31819,dVes Duurzaam,DV14-DKXLRE3-H8,12,3925,2700,R290 (Propaan),3
KA31820,dVes Duurzaam,DV16-DKXLRE3-H8,14,4375,3150,R290 (Propaan),3
KA27853,Easypell,EPA06,5,2350,1125,R290 (Propaan),3
KA27854,Easypell,EPA09,8,2825,1800,R290 (Propaan),3
KA27855,Easypell,EPA12,9,3250,2025,R290 (Propaan),3
KA27856,Easypell,EPA12T,11,3500,2475,R290 (Propaan),3
KA27598,Eco Heating Systems,GH 27.1 + EC,22,5975,4950,R290 (Propaan),3
KA27599,Eco Heating Systems,GH 30.1 + EC,21,5750,4725,R290 (Propaan),3
KA27600,Eco Heating Systems,GH 34.1 + EC,26,6875,5850,R290 (Propaan),3
KA27601,Eco Heating Systems,GH 40.1 + EC,30,7775,6750,R290 (Propaan),3
KA27602,Eco Heating Systems,GH 47.1 + EC,36,9125,8100,R290 (Propaan),3
KA27603,Eco Heating Systems,GH 50.1 + EC,37,9350,8325,R290 (Propaan),3
KA27604,Eco Heating Systems,GH 60.1 + EC,44,10925,9900,R290 (Propaan),3
KA27605,Eco Heating Systems,GH 66.1 + EC,49,12250,11025,R290 (Propaan),3
KA27606,Eco Heating Systems,GH 75.1 + EC,53,12950,11925,R290 (Propaan),3
KA28794,Eco Heating Systems,GHS 60.2,42,10475,9450,R290 (Propaan),3
KA28643,Eco Heating Systems,GHS 75.2,51,12500,11475,R290 (Propaan),3
KA28644,Eco Heating Systems,GHS 85.2,55,13400,12375,R290 (Propaan),3
KA19369,Ecoforest,ecoAIR 1-7 Pro,4,2125,900,R290 (Propaan),3
KA21117,Ecoforest,ecoAIR 1-9 PRO,5,2350,1125,R290 (Propaan),3
KA19370,Ecoforest,ecoAIR 3-12 Pro,6,2375,1350,R290 (Propaan),3
KA21118,Ecoforest,ecoAIR 3-18 PRO,11,3700,2475,R290 (Propaan),3
KA30791,Ecoforest,ecoAIR+ 6-24 PRO,16,4825,3600,R290 (Propaan),3
KA29656,EGO,EGO-NL2407-HP4.1-01,3,1900,675,R290 (Propaan),3
KA27904,ELCO,AEROTOP EVO PLUS 24,17,4850,3825,R032,675
KA27905,ELCO,AEROTOP EVO PLUS 27,17,4850,3825,R032,675
KA27906,ELCO,AEROTOP EVO PLUS 32,19,5300,4275,R032,675
KA27907,ELCO,AEROTOP EVO PLUS 48,28,7325,6300,R032,675
KA27908,ELCO,AEROTOP EVO PLUS 54,32,8225,7200,R032,675
KA27909,ELCO,AEROTOP EVO PLUS 65,34,8675,7650,R032,675
KA27910,ELCO,AEROTOP EVO PLUS 79,49,12050,11025,R032,675
KA27911,ELCO,AEROTOP EVO PLUS 88,53,12950,11925,R032,675
KA30933,Element (LMNT),CASHN350B-T,62,15175,13950,R290 (Propaan),3
KA26531,Element (LMNT),CASHW040B-S,4,1925,900,R290 (Propaan),3
KA26532,Element (LMNT),CASHW060B-S,8,2825,1800,R290 (Propaan),3
KA26533,Element (LMNT),CASHW080B-T,11,3500,2475,R290 (Propaan),3
KA25894,Element (LMNT),CASWR020B-S,4,2125,900,R290 (Propaan),3
KA25895,Element (LMNT),CASWR040B-T,8,3025,1800,R290 (Propaan),3
KA25896,Element (LMNT),CASWR060B-T,11,3700,2475,R290 (Propaan),3
KA29021,Element (LMNT),CASWR080B-T,17,5050,3825,R290 (Propaan),3
KA29022,Element (LMNT),CASWR150B-T/A,27,7300,6075,R290 (Propaan),3
KA29023,Element (LMNT),CASWR250B-T,44,11125,9900,R290 (Propaan),3
KA11531,Emmeti/Radson,EH1015DC,8,2825,1800,R410A,2088
KA11533,Emmeti/Radson,EH1615DC,14,4175,3150,R410A,2088
KA16654,Emmeti/Radson,HEAT PUMP 10 KW - EH1018DC,7,2600,1575,R032,675
KA16655,Emmeti/Radson,HEAT PUMP 12 KW - EH1218DC,8,3025,1800,R032,675
KA16657,Emmeti/Radson,HEAT PUMP 17 KW - EH1718D3,13,3950,2925,R032,675
KA16658,Emmeti/Radson,HEAT PUMP 6 KW - EH0618DC,4,1925,900,R032,675
KA28241,Eneren,EPH041HL,29,7550,6525,R410A,2088
KA28242,Eneren,EPH051HL,35,8900,7875,R410A,2088
KA28243,Eneren,EPH071HL,48,11825,10800,R410A,2088
KA28244,Eneren,EPH081HL,53,12950,11925,R410A,2088
KA28245,Eneren,EPH101HL,60,14525,13500,R410A,2088
KA30181,Energie EST,Aquapura 12HT,7,2800,1575,R290 (Propaan),3
KA22177,Energie EST,Aquapura 14HT,8,3025,1800,R290 (Propaan),3
KA30182,Energie EST,Aquapura 22HT,11,3700,2475,R290 (Propaan),3
KA26484,Energie EST,Aquapura 8HT,4,2125,900,R290 (Propaan),3
KA26485,Energie EST,Aquapura X30 HT,11,3700,2475,R290 (Propaan),3
KA26486,Energie EST,Aquapura X60 HT,23,6400,5175,R290 (Propaan),3
KA31807,Energy save,ES M40 R290,25,6850,5625,R290 (Propaan),3
KA26487,Energy-Xchange,LW-009F1-Ex,5,2350,1125,R290 (Propaan),3
KA26488,Energy-Xchange,LW-015F3-Ex,9,3250,2025,R290 (Propaan),3
KA25923,ES,AW30-EVI-M,24,6425,5400,R410A,2088
KA22067,ES,AWC-19-R32-M,14,4375,3150,R032,675
KA19564,ES,AWC12-R32-M,8,3025,1800,R032,675
KA19565,ES,AWC15-R32-M,10,3475,2250,R032,675
KA19566,ES,AWC6-R32-M,4,2125,900,R032,675
KA19567,ES,AWC9-R32-M,6,2575,1350,R032,675
KA30775,ES,ES M12 R290 + ES binnendeel,8,3025,1800,R290 (Propaan),3
KA30776,ES,ES M15 R290 + ES binnendeel,11,3700,2475,R290 (Propaan),3
KA30777,ES,ES M8 R290 + ES binnendeel,6,2575,1350,R290 (Propaan),3
KA28850,Eureka Luft,EU10L,10,3475,2250,R290 (Propaan),3
KA27850,Eureka Luft,EU15L,15,4600,3375,R290 (Propaan),3
KA27851,Eureka Luft,EU20L,20,5725,4500,R290 (Propaan),3
KA32107,Fairland iGarden,iGXC11,10,3475,2250,R290 (Propaan),3
KA32108,Fairland iGarden,iGXC11T,9,3250,2025,R290 (Propaan),3
KA32109,Fairland iGarden,iGXC13T,11,3700,2475,R290 (Propaan),3
KA29634,Ferroli,Omnia Life M 10,8,3025,1800,R290 (Propaan),3
KA29635,Ferroli,Omnia Life M 12T,11,3700,2475,R290 (Propaan),3
KA29636,Ferroli,Omnia Life M 14T,12,3925,2700,R290 (Propaan),3
KA29637,Ferroli,Omnia Life M 16T,13,4150,2925,R290 (Propaan),3
KA29638,Ferroli,Omnia Life M 4,4,2125,900,R290 (Propaan),3
KA29639,Ferroli,Omnia Life M 6,6,2575,1350,R290 (Propaan),3
KA29640,Ferroli,Omnia Life M 8,7,2800,1575,R290 (Propaan),3
KA29641,Ferroli,Omnia Life M HI3 10,8,3025,1800,R290 (Propaan),3
KA29642,Ferroli,Omnia Life M HI3 4,4,2125,900,R290 (Propaan),3
KA29643,Ferroli,Omnia Life M HI3 6,6,2575,1350,R290 (Propaan),3
KA29644,Ferroli,Omnia Life M HI3 8,7,2800,1575,R290 (Propaan),3
KA29645,Ferroli,Omnia Life M HI9 12T,11,3700,2475,R290 (Propaan),3
KA29646,Ferroli,Omnia Life M HI9 14T,12,3925,2700,R290 (Propaan),3
KA29647,Ferroli,Omnia Life M HI9 16T,13,4150,2925,R290 (Propaan),3
KA19375,Ferroli,OMNIA M 3.2 10,8,3025,1800,R032,675
KA19376,Ferroli,OMNIA M 3.2 12,11,3700,2475,R032,675
KA19377,Ferroli,OMNIA M 3.2 12T,11,3700,2475,R032,675
KA19379,Ferroli,OMNIA M 3.2 14T,12,3925,2700,R032,675
KA19381,Ferroli,OMNIA M 3.2 16T,13,4150,2925,R032,675
KA22886,Ferroli,OMNIA M 3.2 22T,20,5725,4500,R032,675
KA22887,Ferroli,OMNIA M 3.2 26T,22,6175,4950,R032,675
KA22888,Ferroli,OMNIA M 3.2 30T,24,6425,5400,R032,675
KA19382,Ferroli,OMNIA M 3.2 4,5,2350,1125,R032,675
KA19383,Ferroli,OMNIA M 3.2 6,6,2575,1350,R032,675
KA19384,Ferroli,OMNIA M 3.2 8,7,2800,1575,R032,675
KA19418,Ferroli,OMNIA S /SW-T  3.2 - 6,6,2575,1350,R032,675
KA19412,Ferroli,OMNIA S 3.2 - 12T,11,3700,2475,R032,675
KA19414,Ferroli,OMNIA S 3.2 - 14T,12,3925,2700,R032,675
KA19416,Ferroli,OMNIA S 3.2 - 16T,13,4150,2925,R032,675
KA21123,Ferroli,OMNIA S 3.2 HYBRID 28C 10,8,3025,1800,R032,675
KA21124,Ferroli,OMNIA S 3.2 HYBRID 28C 4,5,2350,1125,R032,675
KA21125,Ferroli,OMNIA S 3.2 HYBRID 28C 6,6,2575,1350,R032,675
KA21126,Ferroli,OMNIA S 3.2 HYBRID 28C 8,7,2800,1575,R032,675
KA19410,Ferroli,OMNIA S/SW-T 3.2 - 10,8,3025,1800,R032,675
KA19419,Ferroli,OMNIA S/SW-T 3.2 - 8,7,2800,1575,R032,675
KA19420,Ferroli,OMNIA ST 3.2 - 10,8,3025,1800,R032,675
KA19422,Ferroli,OMNIA ST 3.2 - 12T,11,3700,2475,R032,675
KA19426,Ferroli,OMNIA ST 3.2 - 16T,13,4150,2925,R032,675
KA19428,Ferroli,OMNIA ST 3.2 - 6,6,2575,1350,R032,675
KA30010,Fiorini Industries,FURIA 12M R290,9,3250,2025,R290 (Propaan),3
KA30011,Fiorini Industries,FURIA 18T R290,15,4400,3375,R290 (Propaan),3
KA30012,Fiorini Industries,FURIA 50 T R290,31,8000,6975,R290 (Propaan),3
KA30013,Fiorini Industries,FURIA 6M R290,6,2575,1350,R290 (Propaan),3
KA30014,Fiorini Industries,FURIA 8M R290,7,2800,1575,R290 (Propaan),3
KA29657,FläktGroup Series,FGAH1005BH2,36,9125,8100,R032,675
KA29658,FläktGroup Series,FGAH1006BH2,43,10700,9675,R032,675
KA29659,FläktGroup Series,FGAH1007BH2,48,11825,10800,R032,675
KA29660,FläktGroup Series,FGAH1009AH1,9,3250,2025,R032,675
KA29661,FläktGroup Series,FGAH1010AH1,12,3925,2700,R032,675
KA29662,FläktGroup Series,FGAH1011AH1,16,4825,3600,R032,675
KA29663,FläktGroup Series,FGAH1012AH1,19,5500,4275,R032,675
KA29664,FläktGroup Series,FGAH1013AH1,23,6400,5175,R032,675
KA29665,FläktGroup Series,FGAH1014AH1,28,7525,6300,R032,675
KA29666,FläktGroup Series,FGAH2008BH2,56,13625,12600,R032,675
KA29715,FoxAir,GL-15-3,8,3025,1800,R290 (Propaan),3
KA31063,FoxAir,GL-22-3,11,3700,2475,R290 (Propaan),3
KA31064,FoxAir,GL-9-1,4,2125,900,R290 (Propaan),3
KA31995,FOXESS,HP1-10-E,9,3250,2025,R290 (Propaan),3
KA31996,FOXESS,HP1-10P-E,9,3250,2025,R290 (Propaan),3
KA31997,FOXESS,HP1-12-E,11,3700,2475,R290 (Propaan),3
KA31998,FOXESS,HP1-12P-E,11,3700,2475,R290 (Propaan),3
KA31999,FOXESS,HP1-8-E,7,2800,1575,R290 (Propaan),3
KA32000,FOXESS,HP1-8P-E,7,2800,1575,R290 (Propaan),3
KA32001,FOXESS,HP3-10-E,9,3250,2025,R290 (Propaan),3
KA32002,FOXESS,HP3-10P-E,9,3250,2025,R290 (Propaan),3
KA32003,FOXESS,HP3-12-E,11,3700,2475,R290 (Propaan),3
KA32004,FOXESS,HP3-12P-E,11,3700,2475,R290 (Propaan),3
KA32005,FOXESS,HP3-8-E,7,2800,1575,R290 (Propaan),3
KA32006,FOXESS,HP3-8P-E,7,2800,1575,R290 (Propaan),3
KA27574,Galletti,MLE084P,62,14975,13950,R454B,466
KA21575,Galletti,MLI008HM,7,2800,1575,R032,675
KA21576,Galletti,MLI010HM,8,3025,1800,R032,675
KA21578,Galletti,MLI016H,13,4150,2925,R032,675
KA24970,Galletti,MLI030H,24,6425,5400,R032,675
KA30032,Galletti,MLP006HMAA,6,2575,1350,R290 (Propaan),3
KA30033,Galletti,MLP008HMAA,7,2800,1575,R290 (Propaan),3
KA30034,Galletti,MLP010HMAA,8,3025,1800,R290 (Propaan),3
KA30035,Galletti,MLP012HMAA,11,3700,2475,R290 (Propaan),3
KA30036,Galletti,MLP016H0AA,13,4150,2925,R290 (Propaan),3
KA30255,Galletti,PLP037H,27,7300,6075,R290 (Propaan),3
KA30256,Galletti,PLP045H,33,8450,7425,R290 (Propaan),3
KA30257,Galletti,PLP052H,38,9575,8550,R290 (Propaan),3
KA30258,Galletti,PLP057H,41,10250,9225,R290 (Propaan),3
KA30259,Galletti,PLP062H,45,11350,10125,R290 (Propaan),3
KA26343,Galmet,Airmax 3 12GT,6,2575,1350,R290 (Propaan),3
KA26344,Galmet,Airmax 3 14GT,7,2800,1575,R290 (Propaan),3
KA26345,Galmet,Airmax 3 5GT,4,2125,900,R290 (Propaan),3
KA26346,Galmet,Airmax 3 7GT,4,2125,900,R290 (Propaan),3
KA32124,Goodheat,GSHVSH-10AA1,9,3250,2025,R290 (Propaan),3
KA32238,Goodheat,GSHVSH-12AA1,9,3250,2025,R290 (Propaan),3
KA32239,Goodheat,GSHVSH-16AA1,12,3925,2700,R290 (Propaan),3
KA32125,Goodheat,GSHVSH-6AA1,6,2575,1350,R290 (Propaan),3
KA32126,Goodheat,GSHVSH-8AA1,8,3025,1800,R290 (Propaan),3
KA32127,Goodheat,GSHVTH-12AA1,9,3250,2025,R290 (Propaan),3
KA32128,Goodheat,GSHVTH-16AA1,12,3925,2700,R290 (Propaan),3
KA32129,Goodheat,GSHVTH-18AA1,15,4600,3375,R290 (Propaan),3
KA26333,GREE,GRS-CQ10.0Pd/NhG2-M,8,3025,1800,R032,675
KA26334,GREE,GRS-CQ10.0Pd/NhH-M,9,3050,2025,R032,675
KA22405,GREE,GRS-CQ10Pd/NhG4-M,9,3050,2025,R032,675
KA20180,GREE,GRS-CQ10Pd/NhH-E,8,3025,1800,R032,675
KA20181,GREE,GRS-CQ10PdG/NhH-E,8,3025,1800,R032,675
KA22066,GREE,GRS-CQ10PdG/NhH2-M,8,3025,1800,R032,675
KA26335,GREE,GRS-CQ12.0Pd/NhG2-M,9,3250,2025,R032,675
KA22406,GREE,GRS-CQ12Pd/NhG4-M,11,3700,2475,R032,675
KA21497,GREE,GRS-CQ12PdG/NhH2-M,10,3475,2250,R032,675
KA26336,GREE,GRS-CQ14.0Pd/NhG2-M,10,3275,2250,R032,675
KA22407,GREE,GRS-CQ14Pd/NhG4-M,12,3925,2700,R032,675
KA21498,GREE,GRS-CQ14Pd/NhH-M,12,3725,2700,R032,675
KA26337,GREE,GRS-CQ16.0Pd/NhG2-M,11,3500,2475,R032,675
KA22408,GREE,GRS-CQ16Pd/NhG4-M,12,3925,2700,R032,675
KA21500,GREE,GRS-CQ16Pd/NhH-M,12,3725,2700,R032,675
KA21501,GREE,GRS-CQ16PdG/NhH2-M,12,3725,2700,R032,675
KA18893,GREE,GRS-CQ6.0Pd/NhG-K,5,2150,1125,R032,675
KA22409,GREE,GRS-CQ6.0Pd/NhG4-E,5,2350,1125,R032,675
KA20186,GREE,GRS-CQ6.0Pd/NhH-E,5,2350,1125,R032,675
KA26338,GREE,GRS-CQ6.0Pd/NhH2-E,5,2350,1125,R032,675
KA18894,GREE,GRS-CQ8.0Pd/NhG-K,6,2375,1350,R032,675
KA22410,GREE,GRS-CQ8.0Pd/NhG4-E,8,2825,1800,R032,675
KA20188,GREE,GRS-CQ8.0Pd/NhH-E,6,2575,1350,R032,675
KA26339,GREE,GRS-CQ8.0Pd/NhH2-E,6,2575,1350,R032,675
KA21504,GREE,GRS-CQ8.0PdG/NhH2-E,6,2575,1350,R032,675
KA26522,GreenPump,AMH12DCT,8,3025,1800,R290 (Propaan),3
KA26524,GreenPump,AMH16DCT,11,3700,2475,R290 (Propaan),3
KA27596,GreenPump,AMH19DCT,12,3925,2700,R290 (Propaan),3
KA27597,GreenPump,AMH22DCT,14,4375,3150,R290 (Propaan),3
KA30144,GreenPump,AMH40DCT,28,7325,6300,R290 (Propaan),3
KA26525,GreenPump,AMH6DC,4,2125,900,R290 (Propaan),3
KA26526,GreenPump,AMH9DC,6,2575,1350,R290 (Propaan),3
KA29080,GreenPump,AMHH4DC wall mount,3,1900,675,R290 (Propaan),3
KA28187,GreenPump,Combi-200L,2,1475,450,R290 (Propaan),3
KA28028,GreenPump,HCYK-10CII,19,5300,4275,R744 (CO2),1
KA28029,GreenPump,HCYK-20CII,36,9125,8100,R744 (CO2),1
KA27852,GreenPump,HCYK-3D,8,3025,1800,R744 (CO2),1
KA28936,Grundig,GHPH-MM10,8,3025,1800,R032,675
KA28995,Haier,AU052FYCRA(HW),4,2125,900,R032,675
KA24619,Haier,AU082FYCRA(HW),7,2600,1575,R032,675
KA24620,Haier,AU112FYCRA(HW),10,3275,2250,R032,675
KA24621,Haier,AU162FYCRA(HW),14,4175,3150,R032,675
KA28996,Haier,AW042HUGHA,4,2125,900,R290 (Propaan),3
KA28997,Haier,AW042MUGHA,4,2125,900,R290 (Propaan),3
KA28998,Haier,AW052MUCHA,5,2150,1125,R032,675
KA28999,Haier,AW062HUGHA,4,2125,900,R290 (Propaan),3
KA29000,Haier,AW062MUGHA,4,2125,900,R290 (Propaan),3
KA29001,Haier,AW072MUCHA,6,2575,1350,R032,675
KA29002,Haier,AW082HUGHA,6,2575,1350,R290 (Propaan),3
KA29003,Haier,AW082MUGHA,6,2575,1350,R290 (Propaan),3
KA29004,Haier,AW092MUCHA,7,2800,1575,R032,675
KA29005,Haier,AW102HUGHA,6,2575,1350,R290 (Propaan),3
KA29006,Haier,AW102MUGHA,6,2575,1350,R290 (Propaan),3
KA29007,Haier,AW10NHUGHA,6,2575,1350,R290 (Propaan),3
KA29008,Haier,AW10NMUGHA,6,2575,1350,R290 (Propaan),3
KA27692,Haier,AW11NMXCHA,10,3275,2250,R032,675
KA29009,Haier,AW12NHVGHA,7,2800,1575,R290 (Propaan),3
KA29010,Haier,AW12NMXGHA,7,2800,1575,R290 (Propaan),3
KA29011,Haier,AW14NHVGHA,7,2800,1575,R290 (Propaan),3
KA27693,Haier,AW14NMXCHA,12,3725,2700,R032,675
KA29012,Haier,AW14NMXGHA,7,2800,1575,R290 (Propaan),3
KA29013,Haier,AW16NHVGHA,11,3700,2475,R290 (Propaan),3
KA27694,Haier,AW16NMXCHA,12,3725,2700,R032,675
KA29014,Haier,AW16NMXGHA,11,3700,2475,R290 (Propaan),3
KA26995,Haier,HPM08-Nd2,8,3025,1800,R290 (Propaan),3
KA26996,Haier,HPM10-Nd2,10,3475,2250,R290 (Propaan),3
KA26997,Haier,HPM12-Nd2,12,3925,2700,R290 (Propaan),3
KA26998,Haier,HPM14-Nd2,13,4150,2925,R290 (Propaan),3
KA26999,Haier,HPM16-Nd2,14,4375,3150,R290 (Propaan),3
KA24892,Haier,Super Aqua 10kw split (AW102SNCHA),9,3050,2025,R032,675
KA24499,Haier,Super Aqua 6kw split (AW062SSCHA),5,2150,1125,R032,675
KA24894,Haier,Super Aqua 8kw split (AW082SNCHA),7,2600,1575,R032,675
KA31468,Heatcomp,HC-CM100,50,12475,11250,R290 (Propaan),3
KA30774,Heatcomp,HC-CM50,25,6850,5625,R290 (Propaan),3
KA31469,Heatcomp,HC-M04,4,2125,900,R290 (Propaan),3
KA31470,Heatcomp,HC-M06,5,2350,1125,R290 (Propaan),3
KA31471,Heatcomp,HC-M08,7,2800,1575,R290 (Propaan),3
KA31472,Heatcomp,HC-M10,11,3500,2475,R290 (Propaan),3
KA22465,Heatcomp,HC-M10/15,8,3025,1800,R290 (Propaan),3
KA31473,Heatcomp,HC-M12,11,3700,2475,R290 (Propaan),3
KA31474,Heatcomp,HC-M14,12,3925,2700,R290 (Propaan),3
KA31475,Heatcomp,HC-M16,14,4375,3150,R290 (Propaan),3
KA22466,Heatcomp,HC-M6/9,4,2125,900,R290 (Propaan),3
KA28687,Heatcomp,HC-UM50,23,6400,5175,R290 (Propaan),3
KA28198,Hecotexx,HE-100W/EN8BP,8,3025,1800,R032,675
KA28199,Hecotexx,HE-120W/EN8BP,10,3475,2250,R032,675
KA28200,Hecotexx,HE-140W/EN8BP,12,3925,2700,R032,675
KA28201,Hecotexx,HE-160W/EN8BP,13,4150,2925,R032,675
KA28203,Hecotexx,HE-60W/EN8BP,5,2350,1125,R032,675
KA28204,Hecotexx,HE-80W/EN8BP,7,2800,1575,R032,675
KA28057,Hedatech,HD NPX 04-32H,4,1925,900,R032,675
KA28058,Hedatech,HD NPX 06-32H,5,2350,1125,R032,675
KA28059,Hedatech,HD NX 08-29EA,7,2800,1575,R290 (Propaan),3
KA31821,Hedatech,HD NX 08-32EA,7,2800,1575,R032,675
KA28060,Hedatech,HD NX 11-29EA,9,3250,2025,R290 (Propaan),3
KA31822,Hedatech,HD NX 11-32EA,9,3250,2025,R032,675
KA28061,Hedatech,HD NX 14-29EA,12,3925,2700,R290 (Propaan),3
KA31823,Hedatech,HD NX 14-32EA,13,4150,2925,R032,675
KA28062,Hedatech,HD NX 19-29EA,14,4375,3150,R290 (Propaan),3
KA31824,Hedatech,HD NX 19-32EA,15,4600,3375,R032,675
KA28063,Hedatech,HD NX 21-32EA,21,5950,4725,R032,675
KA28064,Hedatech,HD NX 27-32EA,25,6850,5625,R032,675
KA23438,Heiko,Thermal 9,6,2575,1350,R032,675
KA29091,Heiz Meister,HM-ES300,5,2350,1125,R290 (Propaan),3
KA29093,Heiz Meister,HM-ES400,8,2825,1800,R290 (Propaan),3
KA29092,Heiz Meister,HM-ES500,9,3250,2025,R290 (Propaan),3
KA14978,Heliotherm,HP08L-M-BC,10,3475,2250,R410A,2088
KA31611,Heliotherm,S07L-M-R-CU,8,3025,1800,R410A,2088
KA14975,Heliotherm,S08L-M-CC,10,3475,2250,R410A,2088
KA31612,Heliotherm,S10L-M-R-CU,10,3475,2250,R410A,2088
KA14976,Heliotherm,S12L-M-CC,12,3925,2700,R410A,2088
KA31613,Heliotherm,S14L-M-R-CU,14,4375,3150,R410A,2088
KA14977,Heliotherm,S18L-M-CC,18,5275,4050,R410A,2088
KA26178,Heliotherm,SNT07L-M-R-CC,6,2575,1350,R290 (Propaan),3
KA30287,Heliotherm,SNT10L-M-R-CC,10,3475,2250,R290 (Propaan),3
KA28173,Heliotherm,SNT15L-M-R-CC,13,4150,2925,R290 (Propaan),3
KA30288,Heliotherm,SNT18L-M-R-CC,18,5275,4050,R290 (Propaan),3
KA23294,Hewalex,HPOM006Z0,4,1925,900,R032,675
KA23282,Hewalex,HPOM009Z0,5,2150,1125,R032,675
KA23293,Hewalex,HPOM011Z0,7,2600,1575,R032,675
KA30773,Hewalex,Solmax 3kW,2,1675,450,R410A,2088
KA29310,Hisense,AHZ-040U4GSA00,3,1900,675,R290 (Propaan),3
KA23832,Hisense,Hi-Therma AHW/AHM-080 8kW Split,6,2575,1350,R032,675
KA27866,Hisense,Hi-Therma Integra AHW/AHS-044 4.4kW 230L Split,4,2125,900,R032,675
KA27867,Hisense,Hi-Therma Integra AHW/AHS-060 6kW 230L Split,6,2575,1350,R032,675
KA27868,Hisense,Hi-Therma Integra AHW/AHS-080 8kW 230L Split,6,2575,1350,R032,675
KA32012,Hisense,Hi-Therma Integra AHW/AHS-100 10kW 230L Split,8,3025,1800,R032,675
KA31028,Hitachi,AirH2O 600 RAS1.5 + RWM1.5/RWD1.5(220L),3,1900,675,R032,675
KA31029,Hitachi,AirH2O 600 RAS2 + RWM2/RWD2(220L),4,2125,900,R032,675
KA31030,Hitachi,AirH2O 600 RAS2.5 + RWM2.5/RWD2.5(220L),5,2350,1125,R032,675
KA31031,Hitachi,AirH2O 600 RAS3 + RWM3/RWD3(220L),6,2575,1350,R032,675
KA31032,Hitachi,AirH2O 600 RAS3.5 + RWM3.5/RWD3.5(220L),11,3700,2475,R032,675
KA31033,Hitachi,AirH2O 600 RAS4 + RWM4/RWD4(220L),11,3700,2475,R032,675
KA31034,Hitachi,AirH2O 600 RAS5 + RWM5/RWD5(220L),12,3925,2700,R032,675
KA31035,Hitachi,AirH2O 600 RAS6 + RWM6/RWD6(220L),12,3925,2700,R032,675
KA30884,Hitachi,AirH2O 800M RASM2VTW2E (CBX01/HWMW2E/HWDW2E220S),4,2125,900,R290 (Propaan),3
KA30885,Hitachi,AirH2O 800M RASM3.5VTW2E (CBX01/HWMW2E/HWD-W2E220S),7,2800,1575,R290 (Propaan),3
KA30886,Hitachi,AirH2O 800M RASM3VTW2E (CBX01/HWMW2E/HWD-W2E220S),5,2350,1125,R290 (Propaan),3
KA30887,Hitachi,AirH2O 800M RASM4(V)TW2E (CBX01/HWMW2E/HWD-W2E220S),9,3250,2025,R290 (Propaan),3
KA30888,Hitachi,AirH2O 800M RASM5(V)TW2E (CBX01/HWMW2E/HWD-W2E220S),11,3700,2475,R290 (Propaan),3
KA30889,Hitachi,AirH2O 800M RASM6(V)TW2E (CBX01/HWMW2E/HWD-W2E220S),12,3725,2700,R290 (Propaan),3
KA22470,Hitachi,Yutaki-M RASM-4(V)R(W)1E,10,3275,2250,R032,675
KA22471,Hitachi,Yutaki-M RASM-5(V)R(W)1E,11,3500,2475,R032,675
KA22472,Hitachi,Yutaki-M RASM-6(V)R(W)1E,12,3725,2700,R032,675
KA22473,Hitachi,Yutaki-M RASM-7(V)R(W)1E,16,4625,3600,R032,675
KA15892,Hitachi,Yutaki-M RASM2VRE,4,2125,900,R032,675
KA15893,Hitachi,Yutaki-M RASM3VRE,6,2575,1350,R032,675
KA20960,Hitachi,Yutaki-S Combi RAS2.0WHVRP1 + RWD2.0RW1E-220S,4,2125,900,R032,675
KA15887,Hitachi,Yutaki-S Combi RAS2.5WHVRP+RWD2.5+260L / Solar,5,2350,1125,R032,675
KA20961,Hitachi,Yutaki-S Combi RAS2.5WHVRP1 + RWD2.5RW1E-220S,5,2350,1125,R032,675
KA20962,Hitachi,Yutaki-S Combi RAS3.0WHVRP1 + RWD3.0RW1E-220S,6,2575,1350,R032,675
KA20963,Hitachi,Yutaki-S Combi RAS4WH(V)NPE + RWD4 + 220L,10,3475,2250,R410A,2088
KA20964,Hitachi,Yutaki-S Combi RAS5WH(V)NPE + RWD5 + 220L,12,3925,2700,R410A,2088
KA20965,Hitachi,Yutaki-S Combi RAS6WH(V)NPE + RWD6 + 220L,14,4175,3150,R410A,2088
KA20966,Hitachi,Yutaki-S RAS2.0WHVRP1 + RWM2.0R1E,4,2125,900,R032,675
KA20967,Hitachi,Yutaki-S RAS2.5WHVRP1 + RWM2.5R1E,5,2350,1125,R032,675
KA20968,Hitachi,Yutaki-S RAS3.0WHVRP1 + RWM3.0R1E,6,2575,1350,R032,675
KA02847,Hitachi,Yutaki-S RAS4WH(V)NPE+RWM4,10,3475,2250,R410A,2088
KA02853,Hitachi,Yutaki-S RAS5WH(V)NPE+RWM5,12,3725,2700,R410A,2088
KA02859,Hitachi,Yutaki-S RAS6WH(V)NPE+RWM6,14,4175,3150,R410A,2088
KA02865,Hitachi,Yutaki-S RAS8WHNPE+RWM8NE,16,4625,3600,R410A,2088
KA02848,Hitachi,Yutaki-S80 RAS4WH(V)NPE+RWH4(V)NFE,11,3500,2475,R410A,2088
KA02852,Hitachi,Yutaki-S80 RAS4WH(V)NPE+RWH4(V)NFWE+260L,11,3500,2475,R410A,2088
KA02858,Hitachi,Yutaki-S80 RAS5WH(V)NPE+RWH5(V)NFWE+260L,14,4175,3150,R410A,2088
KA02860,Hitachi,Yutaki-S80 RAS6WH(V)NPE+RWH6(V)NFE,16,4625,3600,R410A,2088
KA21659,HKS Lazar,HTi20/12,7,2800,1575,R290 (Propaan),3
KA25533,Hofmann,PAVH-08V1GMA (R290),6,2575,1350,R290 (Propaan),3
KA25534,Hofmann,PAVH-09V1FBA (R32),6,2575,1350,R032,675
KA27703,Hofmann,PAVH-09V1FXC,8,3025,1800,R032,675
KA27704,Hofmann,PAVH-12V1FXC,8,3025,1800,R032,675
KA25536,Hofmann,PAVH-12V1GMA (R290),8,3025,1800,R290 (Propaan),3
KA25538,Hofmann,PAVH-15V4GMA (R290),11,3700,2475,R290 (Propaan),3
KA28035,House Heating,HH-C1-6,5,2350,1125,R290 (Propaan),3
KA28037,House Heating,HH-C3-12,9,3250,2025,R290 (Propaan),3
KA28038,House Heating,HH-C3-18,15,4400,3375,R290 (Propaan),3
KA29276,House Heating,HH-C3-50,31,8000,6975,R290 (Propaan),3
KA28389,House Heating,HH-C3-8,7,2800,1575,R290 (Propaan),3
KA26902,Hoval,Ultrasource B comfort C (11),9,3250,2025,R410A,2088
KA24497,iDM,AERO ALM 10-24,21,5950,4725,R290 (Propaan),3
KA09287,iDM,iPump A 3-11,9,3250,2025,R410A,2088
KA01774,iDM,TERRA AL 32 Twin 810312,27,7100,6075,R410A,2088
KA31040,Immergas,Magis Combo 12 PLUS V2 T I,12,3925,2700,R410A,2088
KA31041,Immergas,Magis Combo 12 V2 I,12,3925,2700,R410A,2088
KA31042,Immergas,Magis Combo 12 V2 T I,12,3925,2700,R410A,2088
KA31043,Immergas,Magis Combo 14 PLUS V2 T I,12,3925,2700,R410A,2088
KA31044,Immergas,Magis Combo 14 V2 I,12,3925,2700,R410A,2088
KA31045,Immergas,Magis Combo 14 V2 T I,12,3925,2700,R410A,2088
KA31046,Immergas,Magis Combo 16 PLUS V2 T I,13,4150,2925,R410A,2088
KA31047,Immergas,Magis Combo 16 V2 I,13,4150,2925,R410A,2088
KA31048,Immergas,Magis Combo 16 V2 T I,13,4150,2925,R410A,2088
KA27992,Immergas,Magis Combo 6 V2 (2024),5,2350,1125,R032,675
KA27993,Immergas,Magis Combo 9 V2 (2024),8,3025,1800,R032,675
KA19629,Immergas,Magis Combo Plus 6 V2,5,2150,1125,R032,675
KA19630,Immergas,Magis Combo Plus 9 V2,7,2600,1575,R032,675
KA31049,Immergas,Magis Hercules Pro 12 I,10,3475,2250,R410A,2088
KA31050,Immergas,Magis Hercules Pro 12 T I,10,3475,2250,R410A,2088
KA31051,Immergas,Magis Hercules Pro 14 I,10,3475,2250,R410A,2088
KA31052,Immergas,Magis Hercules Pro 14 T I,10,3475,2250,R410A,2088
KA31053,Immergas,Magis Hercules Pro 16 I,12,3725,2700,R410A,2088
KA31054,Immergas,Magis Hercules Pro 16 T I,12,3725,2700,R410A,2088
KA27648,Immergas,Magis Hercules Pro mini 6,5,2150,1125,R032,675
KA31055,Immergas,Magis Hercules Pro Mini 6 (2025),5,2350,1125,R032,675
KA27649,Immergas,Magis Hercules Pro mini 9,7,2600,1575,R032,675
KA31056,Immergas,Magis Hercules Pro Mini 9 (2025),8,3025,1800,R032,675
KA22184,Immergas,Magis M12,11,3700,2475,R032,675
KA31630,Immergas,Magis M12 Top,11,3700,2475,R290 (Propaan),3
KA22185,Immergas,Magis M12T,11,3700,2475,R032,675
KA31631,Immergas,Magis M12T Top,11,3700,2475,R290 (Propaan),3
KA22186,Immergas,Magis M14,12,3925,2700,R032,675
KA22187,Immergas,Magis M14T,12,3925,2700,R032,675
KA31632,Immergas,Magis M16 Top,14,4375,3150,R290 (Propaan),3
KA31633,Immergas,Magis M16T Top,14,4375,3150,R290 (Propaan),3
KA22194,Immergas,Magis M4,5,2350,1125,R032,675
KA31634,Immergas,Magis M5 Top,5,2350,1125,R290 (Propaan),3
KA22195,Immergas,Magis M6,6,2575,1350,R032,675
KA22196,Immergas,Magis M8,7,2800,1575,R032,675
KA31635,Immergas,Magis M8 Top,7,2800,1575,R290 (Propaan),3
KA31057,Immergas,Magis Pro 12 V2 I,12,3925,2700,R410A,2088
KA31058,Immergas,Magis Pro 12 V2 T I,12,3925,2700,R410A,2088
KA31059,Immergas,Magis Pro 14 V2 I,12,3925,2700,R410A,2088
KA31060,Immergas,Magis Pro 14 V2 T I,12,3925,2700,R410A,2088
KA31061,Immergas,Magis Pro 16 V2 I,13,4150,2925,R410A,2088
KA31062,Immergas,Magis Pro 16 V2 T I,13,4150,2925,R410A,2088
KA19631,Immergas,Magis Pro 4 V2,4,2125,900,R032,675
KA27990,Immergas,Magis Pro 6 V2 (2024),5,2350,1125,R032,675
KA27991,Immergas,Magis Pro 9 V2 (2024),8,3025,1800,R032,675
KA27994,Immergas,Magis Pro V2 16 T,11,3500,2475,R410A,2088
KA31219,InterClima-MTA,iCYG HP 007,17,4850,3825,R454B,466
KA31220,InterClima-MTA,iCYG HP 007 XLN,17,4850,3825,R454B,466
KA31221,InterClima-MTA,iCYG HP 009,21,5750,4725,R454B,466
KA31222,InterClima-MTA,iCYG HP 009 XLN,21,5750,4725,R454B,466
KA31223,InterClima-MTA,iCYG HP 013,34,8675,7650,R454B,466
KA31224,InterClima-MTA,iCYG HP 013 XLN,34,8675,7650,R454B,466
KA31225,InterClima-MTA,iCYG HP 017,43,10700,9675,R454B,466
KA31226,InterClima-MTA,iCYG HP 017 XLN,43,10700,9675,R454B,466
KA31227,InterClima-MTA,iCYN HP 002,6,2375,1350,R290 (Propaan),3
KA31228,InterClima-MTA,iCYN HP 004,10,3275,2250,R290 (Propaan),3
KA31229,InterClima-MTA,iCYN HP 006,14,4175,3150,R290 (Propaan),3
KA31230,InterClima-MTA,iCYN HP 008,20,5525,4500,R290 (Propaan),3
KA31231,InterClima-MTA,iCYN HP 010,25,6650,5625,R290 (Propaan),3
KA31232,InterClima-MTA,iCYN HP 012,29,7550,6525,R290 (Propaan),3
KA31233,InterClima-MTA,iCYN HP 014,33,8450,7425,R290 (Propaan),3
KA31234,InterClima-MTA,iCYN HP 016,38,9575,8550,R290 (Propaan),3
KA31235,InterClima-MTA,iCYN HP 019,45,11150,10125,R290 (Propaan),3
KA30172,Intergas,Xceed 12,9,3250,2025,R290 (Propaan),3
KA30173,Intergas,Xceed 6,5,2350,1125,R290 (Propaan),3
KA30174,Intergas,Xceed 8,8,3025,1800,R290 (Propaan),3
KA22154,Intergas,Xtend 5,4,1925,900,R032,675
KA27434,Intergas,Xtend 5 Mono FT,4,1925,900,R032,675
KA31212,Intergas,Xtend ECO 5,4,2125,900,R290 (Propaan),3
KA32026,Intergas,Xtend ECO 7,6,2575,1350,R290 (Propaan),3
KA21601,Inventor,ATMH06S3,6,2575,1350,R032,675
KA21602,Inventor,ATS04S/HU060S3,5,2350,1125,R032,675
KA21603,Inventor,ATS06S/HU060S3,6,2575,1350,R032,675
KA20951,Inventor,ATS08S-HU100S3,7,2800,1575,R032,675
KA20955,Inventor,ATS16T-AU160T9,13,4150,2925,R032,675
KA27921,Inventum,Compacto,5,2350,1125,R032,675
KA01709,Inventum,Ecolution Combi50,2,1675,450,R134A,1430
KA01697,Inventum,Ecolution Solo,2,1675,450,R134A,1430
KA14499,Inventum,Modul-Air,2,1675,450,R134A,1430
KA20567,Inventum,Modul-AIR Blue 5.0,5,2350,1125,R032,675
KA19079,Inventum,Modul-AIR Red 5.0,5,2350,1125,R032,675
KA11861,Inventum,Spaarpomp,2,1675,450,R134A,1430
KA24522,Itho Daalderop,Amber 120,8,3025,1800,R290 (Propaan),3
KA24520,Itho Daalderop,Amber 65,4,2125,900,R290 (Propaan),3
KA24521,Itho Daalderop,Amber 95,6,2575,1350,R290 (Propaan),3
KA15794,Itho Daalderop,HP-M25i,2,1475,450,R410A,2088
KA11614,Itho Daalderop,HP-S 130,9,3050,2025,R410A,2088
KA20993,Itho Daalderop,Vincent V45-Combi,4,1925,900,R290 (Propaan),3
KA20994,Itho Daalderop,Vincent V45-Hybride,4,1925,900,R290 (Propaan),3
KA21559,KAISAI,KHA-06RY1 + KMK60RY1,5,2150,1125,R032,675
KA21560,KAISAI,KHA-08RY1 + KMK100RY1,6,2375,1350,R032,675
KA21561,KAISAI,KHA-10RY1 + KMK100RY1,7,2600,1575,R032,675
KA30285,KAISAI,KHA-10RY1-B & KMK-100RY3,8,3025,1800,R032,675
KA30286,KAISAI,KHA-10RY1-B & KMK-190L-100RY1,8,3025,1800,R032,675
KA21562,KAISAI,KHA-12RY3 + KMK160RY3,10,3275,2250,R032,675
KA21563,KAISAI,KHA-14RY3 + KMK160RY3,11,3500,2475,R032,675
KA21564,KAISAI,KHA-16RY3 + KMK160RY3,12,3725,2700,R032,675
KA21565,KAISAI,KHC-06RY1,5,2150,1125,R032,675
KA21566,KAISAI,KHC-08RY1,6,2375,1350,R032,675
KA21567,KAISAI,KHC-10RY1,7,2600,1575,R032,675
KA21568,KAISAI,KHC-12RY3,10,3275,2250,R032,675
KA21570,KAISAI,KHC-16RY3,12,3725,2700,R032,675
KA31885,KAISAI,KHOA-06PMA1,6,2575,1350,R290 (Propaan),3
KA31886,KAISAI,KHOA-08PMA1,7,2800,1575,R290 (Propaan),3
KA31887,KAISAI,KHOA-10PMA1,8,3025,1800,R290 (Propaan),3
KA32010,KAISAI,KHON-08PMA1,7,2800,1575,R290 (Propaan),3
KA32011,KAISAI,KHON-10PMA1,9,3250,2025,R290 (Propaan),3
KA27043,KAISAI,KHY-12PY3,8,3025,1800,R290 (Propaan),3
KA27044,KAISAI,KHY-15PY3,11,3500,2475,R290 (Propaan),3
KA22262,KAISAI,KMK-190L-100RY3 & KHA-10RY1,7,2600,1575,R032,675
KA31645,Kaysun,KHP-MO 30 DTR2,24,6425,5400,R032,675
KA22240,Kaysun,KHPMS-BI 12 PRO (KHP-BI 12 DVR2 / KHPM-BI 16 DVR2),11,3700,2475,R032,675
KA22244,Kaysun,KHPMS-BI 16T PRO (KHP-BI 16 DTR2 / KHPM-BI 16 DVR2),13,4150,2925,R032,675
KA22246,Kaysun,KHPMS-BI 6 PRO (KHP-BI 6 DVR2 / KHPM-BI 6 DVR2),6,2575,1350,R032,675
KA22247,Kaysun,KHPMS-BI 8 PRO (KHP-BI 8 DVR2 / KHPM-BI 10 DVR2),7,2800,1575,R032,675
KA22255,Kaysun,KHPS-MO 8 PRO,7,2800,1575,R032,675
KA27039,Kensol,KTM10,9,3250,2025,R032,675
KA27040,Kensol,KTM14,15,4600,3375,R032,675
KA27041,Kensol,KTM17,16,4825,3600,R032,675
KA27042,Kensol,KTM6,6,2575,1350,R032,675
KA17988,Keyter,KWE 5090 I-H,59,14500,13275,R410A,2088
KA31572,Keyter,KWE-2046 I-P/S LN (R454B),29,7550,6525,R454B,466
KA25884,Kipi,Hero Premium R290 Q15,8,3025,1800,R290 (Propaan),3
KA25885,Kipi,Hero Premium R290 Q22,11,3700,2475,R290 (Propaan),3
KA29971,KoFri,105,18,5275,4050,R032,675
KA30439,KoFri,25M,5,2350,1125,R290 (Propaan),3
KA27937,KoFri,35,9,3250,2025,R032,675
KA30440,KoFri,35M,8,2825,1800,R290 (Propaan),3
KA30441,KoFri,45M,11,3500,2475,R290 (Propaan),3
KA29972,KoFri,55,13,4150,2925,R032,675
KA27938,KoFri,65,14,4175,3150,R032,675
KA30442,KoFri,65M,12,3925,2700,R290 (Propaan),3
KA29973,KoFri,85,16,4825,3600,R032,675
KA24973,Kolton,Airkompakt p1522,11,3500,2475,R290 (Propaan),3
KA29835,KRONOTERM,Adapt 0312-K3 HT / HK 1F,8,3025,1800,R452B,675
KA28422,KRONOTERM,Adapt 0312-K3 HT / HK 3F,8,3025,1800,R452B,675
KA29836,KRONOTERM,adapt 0416-K3 HT / HK 1F,11,3700,2475,R452B,675
KA29837,KRONOTERM,adapt 0416-K3 HT /HK 3F,11,3700,2475,R452B,675
KA29838,KRONOTERM,adapt 0724-K3 HT / HK 3F,16,4825,3600,R452B,675
KA30003,KRONOTERM,adaptmax 10035 / HK 3F N,27,7300,6075,R290 (Propaan),3
KA30004,KRONOTERM,adaptmax 10070 / HK 3F N,53,13150,11925,R290 (Propaan),3
KA22541,KRONOTERM,Versi I,6,2575,1350,R452B,675
KA29839,KRONOTERM,Versi-o,6,2575,1350,R452B,675
KA29840,KRONOTERM,Versi-X,6,2575,1350,R452B,675
KA29648,Lamborghini Caloreclima,Idola Life M 10,8,3025,1800,R290 (Propaan),3
KA29649,Lamborghini Caloreclima,Idola Life M 12T,11,3700,2475,R290 (Propaan),3
KA29650,Lamborghini Caloreclima,Idola Life M 14T,12,3925,2700,R290 (Propaan),3
KA29651,Lamborghini Caloreclima,Idola Life M 16T,13,4150,2925,R290 (Propaan),3
KA29652,Lamborghini Caloreclima,Idola Life M 4,4,2125,900,R290 (Propaan),3
KA29653,Lamborghini Caloreclima,Idola Life M 6,6,2575,1350,R290 (Propaan),3
KA29654,Lamborghini Caloreclima,Idola Life M 8,7,2800,1575,R290 (Propaan),3
KA19387,Lamborghini Caloreclima,IDOLA M 3.2 12T,11,3700,2475,R032,675
KA19389,Lamborghini Caloreclima,IDOLA M 3.2 14T,12,3925,2700,R032,675
KA19391,Lamborghini Caloreclima,IDOLA M 3.2 16T,13,4150,2925,R032,675
KA19394,Lamborghini Caloreclima,IDOLA M 3.2 8,7,2800,1575,R032,675
KA19432,Lamborghini Caloreclima,IDOLA S 3.2 - 12T,11,3700,2475,R032,675
KA19436,Lamborghini Caloreclima,IDOLA S 3.2 - 16T,13,4150,2925,R032,675
KA21268,LG,HM051MR U44,6,2575,1350,R032,675
KA31065,LG,HM051MRS UA40,7,2600,1575,R032,675
KA29289,LG,HM071HF,7,2800,1575,R290 (Propaan),3
KA21269,LG,HM071MR U44,6,2575,1350,R032,675
KA31066,LG,HM071MRS UA40,7,2600,1575,R032,675
KA29290,LG,HM073HF,7,2800,1575,R290 (Propaan),3
KA29291,LG,HM091HF,7,2800,1575,R290 (Propaan),3
KA21270,LG,HM091MR U44,6,2575,1350,R032,675
KA31067,LG,HM091MRS UA40,8,3025,1800,R032,675
KA29292,LG,HM093HF,7,2800,1575,R290 (Propaan),3
KA26974,LG,HM093HFX + HN1639HC,9,3250,2025,R290 (Propaan),3
KA25416,LG,HM093MR U44,6,2575,1350,R032,675
KA26975,LG,HM121HF + HN1616HC,10,3475,2250,R290 (Propaan),3
KA21271,LG,HM121MR U34,12,3925,2700,R032,675
KA31068,LG,HM121MRS UB40,12,3925,2700,R032,675
KA26976,LG,HM123HF + HN1639HC,10,3475,2250,R290 (Propaan),3
KA21272,LG,HM123MR U34,12,3925,2700,R032,675
KA31069,LG,HM123MRS UB40,12,3925,2700,R032,675
KA26977,LG,HM141HF + HN1616HC,11,3700,2475,R290 (Propaan),3
KA21273,LG,HM141MR U34,12,3925,2700,R032,675
KA31070,LG,HM141MRS UB40,12,3925,2700,R032,675
KA26978,LG,HM143HF + HN1639HC,11,3700,2475,R290 (Propaan),3
KA21274,LG,HM143MR U34,12,3925,2700,R032,675
KA31071,LG,HM143MRS UB40,12,3925,2700,R032,675
KA26979,LG,HM161HF + HN1616HC,12,3925,2700,R290 (Propaan),3
KA21275,LG,HM161MR U34,12,3925,2700,R032,675
KA31072,LG,HM161MRS UB40,12,3925,2700,R032,675
KA26980,LG,HM163HF + HN1639HC,12,3925,2700,R290 (Propaan),3
KA21276,LG,HM163MR U34,12,3925,2700,R032,675
KA31073,LG,HM163MRS UB40,12,3925,2700,R032,675
KA31678,LG,HM513MR UXC0 (ZHBW518A0),42,10475,9450,R032,675
KA24282,LG,HU041MR U20 / HN0613M NK5,5,2150,1125,R032,675
KA22415,LG,HU051MR U44 / HN0913T NK0,6,2575,1350,R032,675
KA21277,LG,HU051MR U44 / HN091MR NK5,6,2575,1350,R032,675
KA24283,LG,HU061MR U20 / HN0613M NK5,6,2575,1350,R032,675
KA22416,LG,HU071MR U44 / HN0913T NK0,6,2575,1350,R032,675
KA21278,LG,HU071MR U44 / HN091MR NK5,6,2575,1350,R032,675
KA22417,LG,HU091MR U44 / HN0913T NK0,6,2575,1350,R032,675
KA21279,LG,HU091MR U44 / HN091MR NK5,6,2575,1350,R032,675
KA21281,LG,HU121MRB U30 / HN1600MC NK1,12,3925,2700,R032,675
KA21284,LG,HU123MRB U30 / HN1600MC NK1,12,3925,2700,R032,675
KA21285,LG,HU123MRB U30 / HN1616Y NB1,12,3925,2700,R032,675
KA21290,LG,HU143MRB U30 / HN1600MC NK1,12,3925,2700,R032,675
KA21291,LG,HU143MRB U30 / HN1616Y NB1,12,3925,2700,R032,675
KA21296,LG,HU163MRB U30 / HN1600MC NK1,12,3925,2700,R032,675
KA21297,LG,HU163MRB U30 / HN1616Y NB1,12,3925,2700,R032,675
KA28654,LG,KCHH017LDGC,47,11800,10575,R032,675
KA28655,LG,KCHH020LDGC,47,11800,10575,R032,675
KA28656,LG,KCHH023LDGC,47,11800,10575,R032,675
KA28649,LUCKINGSTAR,LWH-F11HVZPN9,10,3475,2250,R290 (Propaan),3
KA28650,LUCKINGSTAR,LWH-F15HVLZPN9,13,4150,2925,R290 (Propaan),3
KA28651,LUCKINGSTAR,LWH-F15HVZPN9,14,4375,3150,R290 (Propaan),3
KA28652,LUCKINGSTAR,LWH-F18HVZPN9,16,4825,3600,R290 (Propaan),3
KA31253,LUCKINGSTAR,LWH-F50VSN9H,45,11350,10125,R290 (Propaan),3
KA32142,Lumex,BLN-012TC1,9,3250,2025,R290 (Propaan),3
KA28193,M-TEC,AHPA412,8,3025,1800,R290 (Propaan),3
KA28194,M-TEC,AHPA413,9,3250,2025,R290 (Propaan),3
KA28195,M-TEC,AHPA618,14,4375,3150,R290 (Propaan),3
KA28962,M-TEC,AHPC27,5,2150,1125,R290 (Propaan),3
KA28963,M-TEC,AHPC412,8,2825,1800,R290 (Propaan),3
KA28820,M-TEC,AHPC618,14,4175,3150,R290 (Propaan),3
KA21188,M-TEC,EcoAir WPLK412 (monoblock),9,3250,2025,R452B,675
KA21189,M-TEC,EcoAir WPLK618 (monoblock),13,4150,2925,R452B,675
KA12465,M-TEC/ Pico Energy,WPL412,9,3250,2025,R410A,2088
KA12466,M-TEC/ Pico Energy,WPL618,13,4150,2925,R410A,2088
KA27401,Mareli,FGS10MB,7,2800,1575,R032,675
KA27402,Mareli,FGS20MB,12,3925,2700,R032,675
KA32226,Mastertherm,BA22IP (BoxAir Inverter Propaan),4,2125,900,R290 (Propaan),3
KA00086,Mastertherm,BA26I,6,2375,1350,R410A,2088
KA29337,Mastertherm,BA26IP (BoxAir Inverter Propaan),7,2800,1575,R290 (Propaan),3
KA11479,Mastertherm,BA37I,10,3475,2250,R410A,2088
KA32227,Mastertherm,BA37IP (BoxAir Inverter Propaan),12,3925,2700,R290 (Propaan),3
KA00088,Mastertherm,BA45I,12,3725,2700,R410A,2088
KA32228,Mastertherm,BA45IP (BoxAir Inverter Propaan),15,4600,3375,R290 (Propaan),3
KA32176,Mastertherm,BA60IP (Boax Air Inverter Propaan),22,6175,4950,R290 (Propaan),3
KA32229,Mastertherm,BA60IP (BoxAir Inverter Propaan),29,7750,6525,R290 (Propaan),3
KA22899,Masterwatt  - Kospel,Dynamis Mono 12 (HPM2.Z-12),8,3025,1800,R032,675
KA22900,Masterwatt  - Kospel,Dynamis Mono 16 (HPM2.Z-16/23),13,3950,2925,R032,675
KA22901,Masterwatt  - Kospel,Dynamis Mono 8 (HPM2.Z-8),5,2350,1125,R032,675
KA21805,Masterwatt  - Kospel,Dynamis Split 06 (HPSO-6/230 + HPSI-06),5,2350,1125,R032,675
KA21806,Masterwatt  - Kospel,Dynamis Split 08 (HPSO-8/230 + HPSI-06),6,2575,1350,R032,675
KA26340,Masterwatt  - Kospel,Dynamis Tower Monoblock 12 (HPM2.C-12),8,3025,1800,R032,675
KA26341,Masterwatt  - Kospel,Dynamis Tower Monoblock 16 (HPM2.C-16/23),13,3950,2925,R032,675
KA26342,Masterwatt  - Kospel,Dynamis Tower Monoblock 8 (HPM2.C-8),5,2350,1125,R032,675
KA27912,MAXA Advantix,i-290 0106,5,2350,1125,R290 (Propaan),3
KA27913,MAXA Advantix,i-290 0109,8,3025,1800,R290 (Propaan),3
KA27914,MAXA Advantix,i-290 0112,9,3250,2025,R290 (Propaan),3
KA27915,MAXA Advantix,i-290 0115,13,4150,2925,R290 (Propaan),3
KA27916,MAXA Advantix,i-290 0118,13,4150,2925,R290 (Propaan),3
KA27917,MAXA Advantix,i-290 0121,17,5050,3825,R290 (Propaan),3
KA27918,MAXA Advantix,i-290 0123,19,5500,4275,R290 (Propaan),3
KA27919,MAXA Advantix,i-290 0125,20,5725,4500,R290 (Propaan),3
KA27920,MAXA Advantix,i-290 0127,21,5950,4725,R290 (Propaan),3
KA31894,MAXA Advantix,i-290 0240,33,8450,7425,R290 (Propaan),3
KA19021,MAXA Advantix,i-32V5 08,7,2800,1575,R032,675
KA19679,MAXA Advantix,i-SHWAKV4 14,10,3275,2250,R410A,2088
KA26164,Metro Therm,L10.1 split + SHB20-12,6,2575,1350,R032,675
KA26165,Metro Therm,L10.1 split + SHK20-200/12,6,2575,1350,R032,675
KA26166,Metro Therm,L6.1 split + SHB20-6,5,2350,1125,R032,675
KA26167,Metro Therm,L6.1 split + SHK20-200/6,5,2350,1125,R032,675
KA31833,Midea,MDVA-V10WD2ER8-A+MDVHBT190-100CEGR8-A,8,3025,1800,R032,675
KA31834,Midea,MDVA-V10WD2ER8-A+MDVHBT240-100CEGR8-A,8,3025,1800,R032,675
KA31835,Midea,MDVA-V12WD2BR8-A+MDVHBT240-160CEGR8-A,11,3700,2475,R032,675
KA31836,Midea,MDVA-V14WD2BR8-A+MDVHBT240-160CEGR8-A,12,3925,2700,R032,675
KA31837,Midea,MDVA-V16WD2BR8-A+MDVHBT240-160CEGR8-A,13,4150,2925,R032,675
KA31838,Midea,MDVA-V4WD2ER8-A+MDVHBT190-100CEGR8-A,5,2350,1125,R032,675
KA31839,Midea,MDVA-V6WD2ER8-A+MDVHBT190-100CEGR8-A,6,2575,1350,R032,675
KA31840,Midea,MDVA-V8WD2ER8-A+MDVHBT190-100CEGR8-A,7,2800,1575,R032,675
KA31841,Midea,MDVA-V8WD2ER8-A+MDVHBT240-100CEGR8-A,7,2800,1575,R032,675
KA31842,Midea,MDVC-V10WD2ER8-A,8,3025,1800,R032,675
KA31843,Midea,MDVC-V12WD2ER8-A,11,3700,2475,R032,675
KA31844,Midea,MDVC-V14WD2ER8-A,12,3925,2700,R032,675
KA31845,Midea,MDVC-V16WD2ER8-A,13,4150,2925,R032,675
KA31846,Midea,MDVC-V26WD2BR7-M,23,6400,5175,R290 (Propaan),3
KA31847,Midea,MDVC-V30WD2BR7-M,27,7100,6075,R290 (Propaan),3
KA31848,Midea,MDVC-V35WD2BR7-M,31,8000,6975,R290 (Propaan),3
KA31849,Midea,MDVC-V4WD2ER8-A,5,2350,1125,R032,675
KA31850,Midea,MDVC-V6WD2ER8-A,6,2575,1350,R032,675
KA31851,Midea,MDVC-V8WD2ER8-A,7,2800,1575,R032,675
KA19806,Midea,MHA-V10W/D2N8-B + HB-A100/CGN8-B,7,2600,1575,R032,675
KA21541,Midea,MHA-V10W/D2N8-B + HBT-A100/190CD30GN8-B,7,2600,1575,R032,675
KA21542,Midea,MHA-V10W/D2N8-B + HBT-A100/240CD30GN8-B,7,2600,1575,R032,675
KA19807,Midea,MHA-V12W/D2N8-B + HB-A160/CGN8-B,10,3275,2250,R032,675
KA21543,Midea,MHA-V12W/D2N8-B + HBT-A160/240CD30GN8-B,10,3275,2250,R032,675
KA19808,Midea,MHA-V12W/D2RN8-B + HB-A160/CGN8-B,10,3275,2250,R032,675
KA21544,Midea,MHA-V12W/D2RN8-B + HBT-A160/240CD30GN8-B,10,3275,2250,R032,675
KA19810,Midea,MHA-V14W/D2RN8-B + HB-A160/CGN8-B,11,3500,2475,R032,675
KA21546,Midea,MHA-V14W/D2RN8-B + HBT-A160/240CD30GN8-B,11,3500,2475,R032,675
KA19811,Midea,MHA-V16W/D2N8-B + HB-A160/CGN8-B,12,3725,2700,R032,675
KA19812,Midea,MHA-V16W/D2RN8-B + HB-A160/CGN8-B,12,3725,2700,R032,675
KA19813,Midea,MHA-V4W/D2N8-B + HB-A60/CGN8-B,4,1925,900,R032,675
KA19814,Midea,MHA-V6W/D2N8-B + HB-A60/CGN8-B,5,2150,1125,R032,675
KA21551,Midea,MHA-V6W/D2N8-B + HBT-A100/190CD30GN8-B,5,2150,1125,R032,675
KA21552,Midea,MHA-V6W/D2N8-B + HBT-A100/240CD30GN8-B,5,2150,1125,R032,675
KA19815,Midea,MHA-V8W/D2N8-B + HB-A100/CGN8-B,6,2375,1350,R032,675
KA21553,Midea,MHA-V8W/D2N8-B + HBT-A100/190CD30GN8-B,6,2375,1350,R032,675
KA21554,Midea,MHA-V8W/D2N8-B + HBT-A100/240CD30GN8-B,6,2375,1350,R032,675
KA27283,Midea,MHC-V10W/D2N7,8,3025,1800,R290 (Propaan),3
KA21509,Midea,MHC-V10W/D2N8-B,8,3025,1800,R032,675
KA27284,Midea,MHC-V12W/D2N7,11,3700,2475,R290 (Propaan),3
KA21510,Midea,MHC-V12W/D2N8-B,11,3700,2475,R032,675
KA27285,Midea,MHC-V12W/D2RN7,11,3700,2475,R290 (Propaan),3
KA21511,Midea,MHC-V12W/D2RN8-B,11,3700,2475,R032,675
KA27286,Midea,MHC-V14W/D2N7,12,3925,2700,R290 (Propaan),3
KA21512,Midea,MHC-V14W/D2N8-B,12,3925,2700,R032,675
KA27287,Midea,MHC-V14W/D2RN7,12,3925,2700,R290 (Propaan),3
KA21513,Midea,MHC-V14W/D2RN8-B,12,3925,2700,R032,675
KA27288,Midea,MHC-V16W/D2N7,13,4150,2925,R290 (Propaan),3
KA21514,Midea,MHC-V16W/D2N8-B,13,4150,2925,R032,675
KA27289,Midea,MHC-V16W/D2RN7,13,4150,2925,R290 (Propaan),3
KA21515,Midea,MHC-V16W/D2RN8-B,13,4150,2925,R032,675
KA21556,Midea,MHC-V22W/D2RN8,20,5725,4500,R032,675
KA21557,Midea,MHC-V26W-D2RN8,22,6175,4950,R032,675
KA30937,Midea,MHC-V26WD2RN7,24,6625,5400,R290 (Propaan),3
KA21558,Midea,MHC-V30W-D2RN8,24,6425,5400,R032,675
KA30938,Midea,MHC-V30WD2RN7,27,7100,6075,R290 (Propaan),3
KA30939,Midea,MHC-V35WD2RN7,31,8000,6975,R290 (Propaan),3
KA30940,Midea,MHC-V40WD2RN7,32,8225,7200,R290 (Propaan),3
KA27290,Midea,MHC-V4W/D2N7,4,2125,900,R290 (Propaan),3
KA21516,Midea,MHC-V4W/D2N8-B,5,2350,1125,R032,675
KA27291,Midea,MHC-V6W/D2N7,6,2575,1350,R290 (Propaan),3
KA21517,Midea,MHC-V6W/D2N8-B,6,2575,1350,R032,675
KA21518,Midea,MHC-V8W-D2N8-B,7,2800,1575,R032,675
KA27292,Midea,MHC-V8W/D2N7,7,2800,1575,R290 (Propaan),3
KA30941,Midea,MHCV10WD2N7-B,9,3250,2025,R290 (Propaan),3
KA30942,Midea,MHCV10WD2RN7-B,9,3250,2025,R290 (Propaan),3
KA30943,Midea,MHCV12WD2N7-B,11,3700,2475,R290 (Propaan),3
KA30944,Midea,MHCV12WD2RN7-B,11,3700,2475,R290 (Propaan),3
KA30945,Midea,MHCV14WD2N7-B,12,3925,2700,R290 (Propaan),3
KA30946,Midea,MHCV14WD2RN7-B,12,3925,2700,R290 (Propaan),3
KA30947,Midea,MHCV16WD2N7-B,14,4375,3150,R290 (Propaan),3
KA30948,Midea,MHCV16WD2RN7-B,14,4375,3150,R290 (Propaan),3
KA30949,Midea,MHCV8WD2N7-B,7,2800,1575,R290 (Propaan),3
KA30950,Midea,MHCV8WD2RN7-B,7,2800,1575,R290 (Propaan),3
KA30951,Midea,MHS-SVC50-RN7TL-B,45,11350,10125,R290 (Propaan),3
KA30952,Midea,MHS-SVC60-RN7TL-B,52,12925,11700,R290 (Propaan),3
KA30953,Midea,MHS-SVC70-RN7TL-B,58,14075,13050,R290 (Propaan),3
KA26319,Migloor,PAVH-06V1FBA,4,2125,900,R032,675
KA26320,Migloor,PAVH-06V1GMA,4,2125,900,R290 (Propaan),3
KA26322,Migloor,PAVH-09V1FBA,6,2575,1350,R032,675
KA26321,Migloor,PAVH-09V1GMA,6,2575,1350,R290 (Propaan),3
KA26323,Migloor,PAVH-12V1FBA,8,3025,1800,R032,675
KA26324,Migloor,PAVH-12V1GMA,8,3025,1800,R290 (Propaan),3
KA26325,Migloor,PAVH-15V1FBA,10,3475,2250,R032,675
KA26326,Migloor,PAVH-15V4GMA,11,3700,2475,R290 (Propaan),3
KA26327,Migloor,PAVH-19V1FBA,14,4375,3150,R032,675
KA13922,Mitsubishi Electric,CAHV-P500YA/B-HPB,40,10025,9000,R407C,1774
KA22462,Mitsubishi Electric,CAHV-R450YA-HPB(-BS),24,6425,5400,R454C,146
KA26098,Mitsubishi Electric,MEHP-iB-G07 27Y,19,5500,4275,R032,675
KA32007,Mitsubishi Electric,PMHR-Z100Y-E SET (PUZ-WZ100YAA + IDU),8,3025,1800,R290 (Propaan),3
KA32008,Mitsubishi Electric,PMHR-Z120Y-E SET (PUZ-WZ120YAA + IDU),10,3475,2250,R290 (Propaan),3
KA32009,Mitsubishi Electric,PMHR-Z85Y-E SET (PUZ-WZ85YAA + IDU),7,2800,1575,R290 (Propaan),3
KA17830,Mitsubishi Electric,PUHZ-SHW112 YAA + EHSC-VM2D,12,3725,2700,R410A,2088
KA17985,Mitsubishi Electric,PUHZ-SHW112 YAA + EHST20C-VM2D,12,3725,2700,R410A,2088
KA12455,Mitsubishi Electric,PUHZ-SHW112YAA + ERSC-VM2(C/D) (ZHR112YA),12,3725,2700,R410A,2088
KA12453,Mitsubishi Electric,PUHZ-SHW112YAA + ERST20C-VM2(C/D),12,3725,2700,R410A,2088
KA20924,Mitsubishi Electric,PUHZ-SHW112YAA+ERST30C-VM2ED,12,3725,2700,R410A,2088
KA01753,Mitsubishi Electric,PUHZ-SHW140 YHA + EHSC-VM2(C/D),15,4400,3375,R410A,2088
KA01743,Mitsubishi Electric,PUHZ-SHW140 YHA + ERSC-VM2(C/D),15,4400,3375,R410A,2088
KA20925,Mitsubishi Electric,PUHZ-SHW140YHA+ERST30C-VM2ED,15,4400,3375,R410A,2088
KA01761,Mitsubishi Electric,PUHZ-SHW230 YKA2 + EHSE-ME(C/D)/ YM9E(C/D),25,6650,5625,R410A,2088
KA01760,Mitsubishi Electric,PUHZ-SHW230 YKA2 + ERSE-ME(C/D)/ YM9E(C/D),25,6650,5625,R410A,2088
KA17842,Mitsubishi Electric,PUHZ-SHW80 YAA + ERST30C-VM2D,9,3050,2025,R410A,2088
KA17349,Mitsubishi Electric,PUHZ-SHW80YAA + EHSC-YM2C(D),9,3050,2025,R410A,2088
KA17364,Mitsubishi Electric,PUHZ-SHW80YAA + EHST20C-VM2C(D),9,3050,2025,R410A,2088
KA13292,Mitsubishi Electric,PUHZ-SHW80YAA + ERSC-VM2(C/D),9,3050,2025,R410A,2088
KA17367,Mitsubishi Electric,PUHZ-SHW80YAA + ERSC-YM2C(D),9,3050,2025,R410A,2088
KA17365,Mitsubishi Electric,PUHZ-SHW80YAA + ERST20C-VM2C(D),9,3050,2025,R410A,2088
KA17371,Mitsubishi Electric,PUHZ-SHW80YAA + ERST30C-VM2D,9,3050,2025,R410A,2088
KA16157,Mitsubishi Electric,PUHZ-SW100 YAA + EHSC-VM2(C/D),9,3050,2025,R410A,2088
KA12450,Mitsubishi Electric,PUHZ-SW100YAA + EHST20C-VM2(C/D),9,3050,2025,R410A,2088
KA18905,Mitsubishi Electric,PUHZ-SW100YAA + EHST30C-VM2ED,9,3050,2025,R410A,2088
KA12448,Mitsubishi Electric,PUHZ-SW100YAA + ERSC-VM2(C/D),9,3050,2025,R410A,2088
KA12447,Mitsubishi Electric,PUHZ-SW100YAA + ERST20C-VM2(C/D),9,3050,2025,R410A,2088
KA18906,Mitsubishi Electric,PUHZ-SW100YAA + ERST30C-VM2ED,9,3050,2025,R410A,2088
KA01748,Mitsubishi Electric,PUHZ-SW120 YHA + EHSC-VM2(C/D),11,3500,2475,R410A,2088
KA01740,Mitsubishi Electric,PUHZ-SW120 YHA + ERSC-VM2(C/D),11,3500,2475,R410A,2088
KA01720,Mitsubishi Electric,PUHZ-SW120 YHA + ERST20C-VM2(C/D),11,3500,2475,R410A,2088
KA17837,Mitsubishi Electric,PUHZ-SW120YHA + ERST30C-VM2ED,11,3500,2475,R410A,2088
KA18910,Mitsubishi Electric,PUHZ-SW160YKA + EHSE-YM9ED,14,4175,3150,R410A,2088
KA12443,Mitsubishi Electric,PUHZ-SW75VAA + EHSD-VM2(C/D),6,2375,1350,R410A,2088
KA12439,Mitsubishi Electric,PUHZ-SW75VAA + EHST20D-VM2(C/D),6,2375,1350,R410A,2088
KA12445,Mitsubishi Electric,PUHZ-SW75VAA + ERSD-VM2(C/D),6,2375,1350,R410A,2088
KA12441,Mitsubishi Electric,PUHZ-SW75VAA + ERST20D-VM2(C/D),6,2375,1350,R410A,2088
KA12444,Mitsubishi Electric,PUHZ-SW75YAA + EHSD-VM2(C/D),6,2375,1350,R410A,2088
KA12440,Mitsubishi Electric,PUHZ-SW75YAA + EHST20D-VM2(C/D),6,2375,1350,R410A,2088
KA12446,Mitsubishi Electric,PUHZ-SW75YAA + ERSD-VM2(C/D),6,2375,1350,R410A,2088
KA12442,Mitsubishi Electric,PUHZ-SW75YAA + ERST20D-VM2(C/D),6,2375,1350,R410A,2088
KA17931,Mitsubishi Electric,PUHZ-SW75YAA + ERST30D-VM2ED,6,2375,1350,R410A,2088
KA28800,Mitsubishi Electric,PUZ-SHWM100YAA+EHSD-VM2D,10,3475,2250,R032,675
KA27293,Mitsubishi Electric,PUZ-SHWM100YAA+ERSF-VM2E,10,3475,2250,R032,675
KA27294,Mitsubishi Electric,PUZ-SHWM100YAA+ERST20F-VM2E,10,3475,2250,R032,675
KA27295,Mitsubishi Electric,PUZ-SHWM100YAA+ERST30F-VM2EE,10,3475,2250,R032,675
KA28801,Mitsubishi Electric,PUZ-SHWM120YAA+EHSD-VM2D,12,3925,2700,R032,675
KA27296,Mitsubishi Electric,PUZ-SHWM120YAA+ERSF-VM2E,12,3925,2700,R032,675
KA27297,Mitsubishi Electric,PUZ-SHWM120YAA+ERST20F-VM2E,12,3925,2700,R032,675
KA27298,Mitsubishi Electric,PUZ-SHWM120YAA+ERST30F-VM2EE,12,3925,2700,R032,675
KA28802,Mitsubishi Electric,PUZ-SHWM140YAA+EHSD-VM2D,14,4375,3150,R032,675
KA27299,Mitsubishi Electric,PUZ-SHWM140YAA+ERSF-VM2E,14,4375,3150,R032,675
KA27300,Mitsubishi Electric,PUZ-SHWM140YAA+ERST20F-VM2E,14,4375,3150,R032,675
KA27301,Mitsubishi Electric,PUZ-SHWM140YAA+ERST30F-VM2EE,14,4375,3150,R032,675
KA28803,Mitsubishi Electric,PUZ-SHWM60VAA+EHSD-VM2D,6,2575,1350,R032,675
KA27302,Mitsubishi Electric,PUZ-SHWM60VAA+ERSF-VM2E,6,2575,1350,R032,675
KA27303,Mitsubishi Electric,PUZ-SHWM60VAA+ERST20F-VM2E,6,2575,1350,R032,675
KA27304,Mitsubishi Electric,PUZ-SHWM60VAA+ERST30F-VM2EE,6,2575,1350,R032,675
KA28804,Mitsubishi Electric,PUZ-SHWM80YAA+EHSD-VM2D,8,3025,1800,R032,675
KA27305,Mitsubishi Electric,PUZ-SHWM80YAA+ERSF-VM2E,8,3025,1800,R032,675
KA27306,Mitsubishi Electric,PUZ-SHWM80YAA+ERST20F-VM2E,8,3025,1800,R032,675
KA27307,Mitsubishi Electric,PUZ-SHWM80YAA+ERST30F-VM2EE,8,3025,1800,R032,675
KA28805,Mitsubishi Electric,PUZ-SWM100YAA+EHSD-VM2D,9,3250,2025,R032,675
KA27308,Mitsubishi Electric,PUZ-SWM100YAA+ERSF-VM2E,9,3250,2025,R032,675
KA27309,Mitsubishi Electric,PUZ-SWM100YAA+ERST20F-VM2E,9,3250,2025,R032,675
KA27310,Mitsubishi Electric,PUZ-SWM100YAA+ERST30F-VM2EE,9,3250,2025,R032,675
KA28806,Mitsubishi Electric,PUZ-SWM120YAA+EHSD-VM2D,11,3700,2475,R032,675
KA27311,Mitsubishi Electric,PUZ-SWM120YAA+ERSF-VM2E,11,3700,2475,R032,675
KA27312,Mitsubishi Electric,PUZ-SWM120YAA+ERST20F-VM2E,11,3700,2475,R032,675
KA27313,Mitsubishi Electric,PUZ-SWM120YAA+ERST30F-VM2EE,11,3700,2475,R032,675
KA28807,Mitsubishi Electric,PUZ-SWM140YAA+EHSD-VM2D,12,3925,2700,R032,675
KA27314,Mitsubishi Electric,PUZ-SWM140YAA+ERSF-VM2E,12,3925,2700,R032,675
KA27315,Mitsubishi Electric,PUZ-SWM140YAA+ERST20F-VM2E,12,3925,2700,R032,675
KA27316,Mitsubishi Electric,PUZ-SWM140YAA+ERST30F-VM2EE,12,3925,2700,R032,675
KA28808,Mitsubishi Electric,PUZ-SWM60VAA+EHSD-VM2D,6,2575,1350,R032,675
KA27317,Mitsubishi Electric,PUZ-SWM60VAA+ERSF-VM2E,6,2575,1350,R032,675
KA27318,Mitsubishi Electric,PUZ-SWM60VAA+ERST20F-VM2E,6,2575,1350,R032,675
KA27319,Mitsubishi Electric,PUZ-SWM60VAA+ERST30F-VM2EE,6,2575,1350,R032,675
KA28809,Mitsubishi Electric,PUZ-SWM80YAA+EHSD-VM2D,7,2800,1575,R032,675
KA27320,Mitsubishi Electric,PUZ-SWM80YAA+ERSF-VM2E,7,2800,1575,R032,675
KA27321,Mitsubishi Electric,PUZ-SWM80YAA+ERST20F-VM2E,7,2800,1575,R032,675
KA27322,Mitsubishi Electric,PUZ-SWM80YAA+ERST30F-VM2EE,7,2800,1575,R032,675
KA17970,Mitsubishi Electric,PUZ-WM112YAA + ERPT20X-VM2(D/E),9,3250,2025,R032,675
KA17814,Mitsubishi Electric,PUZ-WM112YAA + ERPT30X-VM2E(D/E),9,3250,2025,R032,675
KA20926,Mitsubishi Electric,PUZ-WM112YAA+ERPX-VM2(D/E),9,3250,2025,R032,675
KA17831,Mitsubishi Electric,PUZ-WM60VAA + ERPT20X-VM2(D/E),6,2575,1350,R032,675
KA17846,Mitsubishi Electric,PUZ-WM85YAA + ERPT20X-VM2(D/E),8,3025,1800,R032,675
KA27323,Mitsubishi Electric,PUZ-WZ50VAA+ERPT17X-VM2E,4,2125,900,R290 (Propaan),3
KA27324,Mitsubishi Electric,PUZ-WZ50VAA+ERPT20X-VM2E,4,2125,900,R290 (Propaan),3
KA27325,Mitsubishi Electric,PUZ-WZ50VAA+ERPT30X-VM2EE,4,2125,900,R290 (Propaan),3
KA27326,Mitsubishi Electric,PUZ-WZ50VAA+ERPX-VM2E,4,2125,900,R290 (Propaan),3
KA27327,Mitsubishi Electric,PUZ-WZ60VAA+ERPT17X-VM2E,5,2350,1125,R290 (Propaan),3
KA27328,Mitsubishi Electric,PUZ-WZ60VAA+ERPT20X-VM2E,5,2350,1125,R290 (Propaan),3
KA27329,Mitsubishi Electric,PUZ-WZ60VAA+ERPT30X-VM2EE,5,2350,1125,R290 (Propaan),3
KA27330,Mitsubishi Electric,PUZ-WZ60VAA+ERPX-VM2E,5,2350,1125,R290 (Propaan),3
KA27331,Mitsubishi Electric,PUZ-WZ80VAA+ERPT17X-VM2E,7,2800,1575,R290 (Propaan),3
KA27332,Mitsubishi Electric,PUZ-WZ80VAA+ERPT20X-VM2E,7,2800,1575,R290 (Propaan),3
KA27333,Mitsubishi Electric,PUZ-WZ80VAA+ERPT30X-VM2EE,7,2800,1575,R290 (Propaan),3
KA27334,Mitsubishi Electric,PUZ-WZ80VAA+ERPX-VM2E,7,2800,1575,R290 (Propaan),3
KA28810,Mitsubishi Electric,SUZ-SWM100VA+EHSD-VM2D,8,3025,1800,R032,675
KA24918,Mitsubishi Electric,SUZ-SWM100VA+ERSD-VM2D,8,3025,1800,R032,675
KA27652,Mitsubishi Electric,SUZ-SWM100VA+ERSD-VM2E,8,3025,1800,R032,675
KA27653,Mitsubishi Electric,SUZ-SWM100VA+ERST17D-VM2E,8,3025,1800,R032,675
KA24920,Mitsubishi Electric,SUZ-SWM100VA+ERST20D-VM2D,8,3025,1800,R032,675
KA27654,Mitsubishi Electric,SUZ-SWM100VA+ERST20D-VM2E,8,3025,1800,R032,675
KA24921,Mitsubishi Electric,SUZ-SWM100VA+ERST30D-VM2D,8,3025,1800,R032,675
KA27655,Mitsubishi Electric,SUZ-SWM100VA+ERST30D-VM2E,8,3025,1800,R032,675
KA28811,Mitsubishi Electric,SUZ-SWM30VA+EHSD-VM2D,4,2125,900,R032,675
KA24922,Mitsubishi Electric,SUZ-SWM30VA+ERSD-VM2D,4,2125,900,R032,675
KA27656,Mitsubishi Electric,SUZ-SWM30VA+ERSD-VM2E,4,2125,900,R032,675
KA27657,Mitsubishi Electric,SUZ-SWM30VA+ERST17D-VM2E,4,2125,900,R032,675
KA24924,Mitsubishi Electric,SUZ-SWM30VA+ERST20D-VM2D,4,2125,900,R032,675
KA27658,Mitsubishi Electric,SUZ-SWM30VA+ERST20D-VM2E,4,2125,900,R032,675
KA27659,Mitsubishi Electric,SUZ-SWM30VA+ERST30D-VM2E,4,2125,900,R032,675
KA17353,Mitsubishi Electric,SUZ-SWM40VA + EHSD-VM2D,5,2350,1125,R032,675
KA17352,Mitsubishi Electric,SUZ-SWM40VA + EHST(20D)-(VM2)D,5,2350,1125,R032,675
KA17351,Mitsubishi Electric,SUZ-SWM40VA + EHST17D-D,5,2350,1125,R032,675
KA17374,Mitsubishi Electric,SUZ-SWM40VA + ERSD-VM2D,5,2350,1125,R032,675
KA17373,Mitsubishi Electric,SUZ-SWM40VA + ERST20D-D,5,2350,1125,R032,675
KA28812,Mitsubishi Electric,SUZ-SWM40VA2+EHSD-VM2D,5,2350,1125,R032,675
KA24926,Mitsubishi Electric,SUZ-SWM40VA2+ERSD-VM2D,5,2350,1125,R032,675
KA27660,Mitsubishi Electric,SUZ-SWM40VA2+ERSD-VM2E,5,2350,1125,R032,675
KA24927,Mitsubishi Electric,SUZ-SWM40VA2+ERST17D-VM2D,5,2350,1125,R032,675
KA27661,Mitsubishi Electric,SUZ-SWM40VA2+ERST17D-VM2E,5,2350,1125,R032,675
KA24928,Mitsubishi Electric,SUZ-SWM40VA2+ERST20D-VM2D,5,2350,1125,R032,675
KA27662,Mitsubishi Electric,SUZ-SWM40VA2+ERST20D-VM2E,5,2350,1125,R032,675
KA24929,Mitsubishi Electric,SUZ-SWM40VA2+ERST30D-VM2D,5,2350,1125,R032,675
KA27663,Mitsubishi Electric,SUZ-SWM40VA2+ERST30D-VM2E,5,2350,1125,R032,675
KA17356,Mitsubishi Electric,SUZ-SWM60VA + EHSD-VM2D,6,2575,1350,R032,675
KA17355,Mitsubishi Electric,SUZ-SWM60VA + EHST20D-D,6,2575,1350,R032,675
KA17377,Mitsubishi Electric,SUZ-SWM60VA + ERSD-VM2D,6,2575,1350,R032,675
KA17375,Mitsubishi Electric,SUZ-SWM60VA + ERST17D-D,6,2575,1350,R032,675
KA17376,Mitsubishi Electric,SUZ-SWM60VA + ERST20D-D,6,2575,1350,R032,675
KA20930,Mitsubishi Electric,SUZ-SWM60VA + ERST30D-**D of -VM2E/D,6,2575,1350,R032,675
KA28813,Mitsubishi Electric,SUZ-SWM60VA2+EHSD-VM2D,6,2575,1350,R032,675
KA24930,Mitsubishi Electric,SUZ-SWM60VA2+ERSD-VM2D,6,2575,1350,R032,675
KA27664,Mitsubishi Electric,SUZ-SWM60VA2+ERSD-VM2E,6,2575,1350,R032,675
KA24931,Mitsubishi Electric,SUZ-SWM60VA2+ERST17D-VM2D,6,2575,1350,R032,675
KA27665,Mitsubishi Electric,SUZ-SWM60VA2+ERST17D-VM2E,6,2575,1350,R032,675
KA24932,Mitsubishi Electric,SUZ-SWM60VA2+ERST20D-VM2D,6,2575,1350,R032,675
KA27666,Mitsubishi Electric,SUZ-SWM60VA2+ERST20D-VM2E,6,2575,1350,R032,675
KA24933,Mitsubishi Electric,SUZ-SWM60VA2+ERST30D-VM2D,6,2575,1350,R032,675
KA27667,Mitsubishi Electric,SUZ-SWM60VA2+ERST30D-VM2E,6,2575,1350,R032,675
KA17360,Mitsubishi Electric,SUZ-SWM80VA + EHSD-VM2D,6,2575,1350,R032,675
KA17358,Mitsubishi Electric,SUZ-SWM80VA + EHST20D-D,6,2575,1350,R032,675
KA17359,Mitsubishi Electric,SUZ-SWM80VA + EHST30D-D,6,2575,1350,R032,675
KA17381,Mitsubishi Electric,SUZ-SWM80VA + ERSD-VM2D,6,2575,1350,R032,675
KA17379,Mitsubishi Electric,SUZ-SWM80VA + ERST20D-D,6,2575,1350,R032,675
KA17380,Mitsubishi Electric,SUZ-SWM80VA + ERST30D-D,6,2575,1350,R032,675
KA28814,Mitsubishi Electric,SUZ-SWM80VA2+EHSD-VM2D,7,2800,1575,R032,675
KA24934,Mitsubishi Electric,SUZ-SWM80VA2+ERSD-VM2D,7,2800,1575,R032,675
KA27668,Mitsubishi Electric,SUZ-SWM80VA2+ERSD-VM2E,7,2800,1575,R032,675
KA27669,Mitsubishi Electric,SUZ-SWM80VA2+ERST17D-VM2E,7,2800,1575,R032,675
KA24936,Mitsubishi Electric,SUZ-SWM80VA2+ERST20D-VM2D,7,2800,1575,R032,675
KA27670,Mitsubishi Electric,SUZ-SWM80VA2+ERST20D-VM2E,7,2800,1575,R032,675
KA24937,Mitsubishi Electric,SUZ-SWM80VA2+ERST30D-VM2D,7,2800,1575,R032,675
KA27671,Mitsubishi Electric,SUZ-SWM80VA2+ERST30D-VM2E,7,2800,1575,R032,675
KA31637,Mitsubishi Heavy Industries,FDCM60VNX-P,5,2350,1125,R290 (Propaan),3
KA31638,Mitsubishi Heavy Industries,FDCM60VNX-P + HMM100,5,2350,1125,R290 (Propaan),3
KA31639,Mitsubishi Heavy Industries,FDCM60VNX-P + PT300-V2,5,2350,1125,R290 (Propaan),3
KA31640,Mitsubishi Heavy Industries,FDCM71VNX-P,7,2800,1575,R290 (Propaan),3
KA31641,Mitsubishi Heavy Industries,FDCM71VNX-P + HMM100,7,2800,1575,R290 (Propaan),3
KA31642,Mitsubishi Heavy Industries,FDCM71VNX-P + PT300-V2,7,2800,1575,R290 (Propaan),3
KA13971,Mitsubishi Heavy Industries,FDCW140VNX-A met HSB140,12,3725,2700,R410A,2088
KA13972,Mitsubishi Heavy Industries,FDCW140VNX-A met HSB140 en PT500,12,3725,2700,R410A,2088
KA19689,Mitsubishi Heavy Industries,FDCW60VNX-A/W incl. HSB60-W,5,2150,1125,R032,675
KA31805,Mitsubishi Heavy Industries,FDCW60VNX-W met HMA60W,5,2150,1125,R032,675
KA25057,Mitsubishi Heavy Industries,FDCW71VNX-W met HSB100-W,7,2800,1575,R032,675
KA31254,Mitsubishi Heavy Industries,MCUS5001VHE-W*,32,8425,7200,R032,675
KA20582,Mitsui,MHP5RP24MI,6,2575,1350,R032,675
KA20584,Mitsui,MHP7RP24MI,6,2575,1350,R032,675
KA20586,Mitsui,MHP9RP24MI,7,2800,1575,R032,675
KA27857,Mitsui,MHPP12RP24MI,11,3700,2475,R032,675
KA27858,Mitsui,MHPP12RP24P3MI,11,3700,2475,R032,675
KA27859,Mitsui,MHPP14RP24MI,13,4150,2925,R032,675
KA27860,Mitsui,MHPP14RP24P3MI,13,4150,2925,R032,675
KA27861,Mitsui,MHPP16RP24MI,13,4150,2925,R032,675
KA27863,Mitsui,MHPP5RP24MI,6,2575,1350,R032,675
KA27864,Mitsui,MHPP7RP24MI,7,2800,1575,R032,675
KA27865,Mitsui,MHPP9RP24MI,8,3025,1800,R032,675
KA24422,Mitsui,SHP016RP24P3MI,13,4150,2925,R032,675
KA20589,Mitsui,SHP08RP24MI,7,2600,1575,R032,675
KA22629,Mitsui,SHPAO12RP24MI + SHPAI160RP24MI,11,3700,2475,R032,675
KA22630,Mitsui,SHPAO14RP24MI + SHPAI160RP24MI,12,3925,2700,R032,675
KA22631,Mitsui,SHPAO16RP24MI + SHPAI160RP24MI,13,4150,2925,R032,675
KA22170,Mundo Clima,MAB-6-V10M UE+HR-4-6-V10M UI,6,2575,1350,R032,675
KA22171,Mundo Clima,MAB-8-V10M UE+HR-8-10-V10M UI,7,2800,1575,R032,675
KA27840,Mundo Clima,MAM-10-V10M MONOBLOC R32,8,3025,1800,R032,675
KA27841,Mundo Clima,MAM-12-V10M MONOBLOC R32,11,3700,2475,R032,675
KA27842,Mundo Clima,MAM-12-V10T MONOBLOC R32,11,3700,2475,R032,675
KA27843,Mundo Clima,MAM-14-V10M MONOBLOC R32,12,3925,2700,R032,675
KA27844,Mundo Clima,MAM-14-V10T MONOBLOC R32,12,3925,2700,R032,675
KA27845,Mundo Clima,MAM-16-V10M MONOBLOC R32,13,4150,2925,R032,675
KA27846,Mundo Clima,MAM-16-V10T MONOBLOC R32,13,4150,2925,R032,675
KA27847,Mundo Clima,MAM-4-V10M MONOBLOC R32,5,2350,1125,R032,675
KA27848,Mundo Clima,MAM-6-V10M MONOBLOC R32,6,2575,1350,R032,675
KA27849,Mundo Clima,MAM-8-V10M MONOBLOC R32,7,2800,1575,R032,675
KA28898,Mycond,BeeECO MHCM 12 SU3A,9,3250,2025,R290 (Propaan),3
KA30417,Natural Heat,BV20-6-DC-E/S,4,2125,900,R290 (Propaan),3
KA30418,Natural Heat,BV30-8-DC-E/S,5,2350,1125,R290 (Propaan),3
KA28851,Natural Heat,BV70-24-DC-E,14,4375,3150,R290 (Propaan),3
KA00368,Nefit,EnviLine A/W Monoblock 13 B-T,10,3475,2250,R410A,2088
KA00363,Nefit,EnviLine A/W Monoblock 13 E-T,10,3475,2250,R410A,2088
KA00312,Nefit,EnviLine A/W Monoblock 13 T-T,10,3475,2250,R410A,2088
KA00358,Nefit,EnviLine A/W Monoblock 13 TS-T,10,3475,2250,R410A,2088
KA00369,Nefit,EnviLine A/W Monoblock 17 B-T,12,3925,2700,R410A,2088
KA00364,Nefit,EnviLine A/W Monoblock 17 E-T,12,3925,2700,R410A,2088
KA00313,Nefit,EnviLine A/W Monoblock 17 T-T,12,3925,2700,R410A,2088
KA00359,Nefit,EnviLine A/W Monoblock 17 TS-T,12,3925,2700,R410A,2088
KA00365,Nefit,EnviLine A/W Monoblock 5.0 B-S,4,2125,900,R410A,2088
KA00360,Nefit,EnviLine A/W Monoblock 5.0 E-S,4,2125,900,R410A,2088
KA00309,Nefit,EnviLine A/W Monoblock 5.0 T-S,4,2125,900,R410A,2088
KA00355,Nefit,EnviLine A/W Monoblock 5.0 TS-S,4,2125,900,R410A,2088
KA00366,Nefit,EnviLine A/W Monoblock 7.0 B-S,7,2800,1575,R410A,2088
KA00361,Nefit,EnviLine A/W Monoblock 7.0 E-S,7,2800,1575,R410A,2088
KA00310,Nefit,EnviLine A/W Monoblock 7.0 T-S,7,2800,1575,R410A,2088
KA00356,Nefit,EnviLine A/W Monoblock 7.0 TS-S,7,2800,1575,R410A,2088
KA00367,Nefit,EnviLine A/W Monoblock 9.0 B-S,7,2800,1575,R410A,2088
KA00362,Nefit,EnviLine A/W Monoblock 9.0 E-S,7,2800,1575,R410A,2088
KA00311,Nefit,EnviLine A/W Monoblock 9.0 T-S,7,2800,1575,R410A,2088
KA00357,Nefit,EnviLine A/W Monoblock 9.0 TS-S,7,2800,1575,R410A,2088
KA27954,Neoheat,EKO II 6,5,2350,1125,R032,675
KA32112,Newntide,NE-F1000HCR5TINVM-USC,61,14950,13725,R290 (Propaan),3
KA32113,Newntide,NE-F500HCR5TINVM-USC,30,7975,6750,R290 (Propaan),3
KA26175,Newntide,Silver line 12,8,3025,1800,R290 (Propaan),3
KA26176,Newntide,Silver line 20,13,4150,2925,R290 (Propaan),3
KA26177,Newntide,Silver line 8,5,2350,1125,R290 (Propaan),3
KA01481,NIBE,AMS10-16,12,3725,2700,R410A,2088
KA27940,NIBE,AMS20-10 (2024),6,2575,1350,R032,675
KA19692,NIBE,AMS20-6,5,2350,1125,R032,675
KA01473,NIBE,F2040-12,10,3275,2250,R410A,2088
KA01474,NIBE,F2040-16,13,4150,2925,R410A,2088
KA11779,NIBE,F2040-6,5,2150,1125,R410A,2088
KA01472,NIBE,F2040-8,7,2600,1575,R410A,2088
KA22897,NIBE,F2050-10,6,2575,1350,R032,675
KA22898,NIBE,F2050-6,5,2350,1125,R032,675
KA07612,NIBE,F2120-16,11,3700,2475,R410A,2088
KA07613,NIBE,F2120-20,11,3700,2475,R410A,2088
KA08301,NIBE,F730,4,1925,900,R407C,1774
KA08098,NIBE,F750,4,1925,900,R407C,1774
KA32110,NIBE,S2060-10,7,2800,1575,R290 (Propaan),3
KA32111,NIBE,S2060-6,5,2350,1125,R290 (Propaan),3
KA20866,NIBE,S2125-12,7,2800,1575,R290 (Propaan),3
KA30934,NIBE,S2125-14,10,3475,2250,R290 (Propaan),3
KA30935,NIBE,S2125-16,11,3700,2475,R290 (Propaan),3
KA30936,NIBE,S2125-20,11,3700,2475,R290 (Propaan),3
KA20867,NIBE,S2125-8,5,2350,1125,R290 (Propaan),3
KA27351,NIBE,S735-4,4,1925,900,R290 (Propaan),3
KA26461,NIBE,S735-7 R,7,2600,1575,R290 (Propaan),3
KA11825,Nilan,AIR 9,5,2350,1125,R410A,2088
KA31808,Nofenta,Inverter12HT-T,10,3475,2250,R290 (Propaan),3
KA31809,Nofenta,Inverter16HT-T,14,4375,3150,R290 (Propaan),3
KA31810,Nofenta,Inverter3HT,2,1675,450,R290 (Propaan),3
KA31811,Nofenta,Inverter6HT,5,2350,1125,R290 (Propaan),3
KA31812,Nofenta,Inverter9HT,8,3025,1800,R290 (Propaan),3
KA30071,Novelan,"LAV-12 HSV 12,1 (103779HSV12141)",9,3050,2025,R410A,2088
KA30874,NOW-e,NOWE-11**RE04A01 (Orange Series/ TerraPulse AIR),4,2125,900,R290 (Propaan),3
KA30875,NOW-e,NOWE-11**RE07A01 (Orange Series/ TerraPulse AIR),6,2575,1350,R290 (Propaan),3
KA30876,NOW-e,NOWE-11**RE12A01 (Orange Series/ TerraPulse AIR),10,3475,2250,R290 (Propaan),3
KA30877,NOW-e,NOWE-11**RE12B01 (Orange Series/ TerraPulse AIR),10,3475,2250,R290 (Propaan),3
KA30878,NOW-e,NOWE-11**RE17A01 (Orange Series/ TerraPulse AIR),15,4600,3375,R290 (Propaan),3
KA30879,NOW-e,NOWE-11**RE17B01 (Orange Series/ TerraPulse AIR),15,4600,3375,R290 (Propaan),3
KA30871,NOW-e,NOWE-11BSUT20B01,17,5050,3825,R290 (Propaan),3
KA30872,NOW-e,NOWE-11BSUT35B01,27,7300,6075,R290 (Propaan),3
KA30873,NOW-e,NOWE-11BSUT50B01,44,11125,9900,R290 (Propaan),3
KA29686,NOW-e,NOWE-11TPRE06A02,4,2125,900,R290 (Propaan),3
KA29687,NOW-e,NOWE-11TPRE10A02,8,3025,1800,R290 (Propaan),3
KA29688,NOW-e,NOWE-11TPRE10B02,8,3025,1800,R290 (Propaan),3
KA30880,NOW-e,NOWE-11TPRE12A03,11,3700,2475,R290 (Propaan),3
KA30881,NOW-e,NOWE-11TPRE12B03,11,3700,2475,R290 (Propaan),3
KA29689,NOW-e,NOWE-11TPRE17A02,11,3700,2475,R290 (Propaan),3
KA29690,NOW-e,NOWE-11TPRE17B02,11,3700,2475,R290 (Propaan),3
KA30882,NOW-e,NOWE-11TPRE17B03,15,4600,3375,R290 (Propaan),3
KA31249,Nulite,NL-FLM30-100II R290,7,2800,1575,R290 (Propaan),3
KA31250,Nulite,NL-FLM30-130II R290,9,3250,2025,R290 (Propaan),3
KA27925,Nulite,NL-FLM30-95II/R32,7,2800,1575,R032,675
KA31708,Nulite,NL-FLM40-150II/R32,9,3250,2025,R032,675
KA31251,Nulite,NL-FLM50-160II R290,12,3925,2700,R290 (Propaan),3
KA31252,Nulite,NL-FLM50-190II/R290,14,4375,3150,R290 (Propaan),3
KA31709,Nulite,NL-FLM50-200II/R32,13,4150,2925,R032,675
KA31710,Nulite,NL-FLM60-220II/R32,15,4600,3375,R032,675
KA27926,Nulite,NL-FLM60-300II/R32,15,4600,3375,R032,675
KA22510,NuLite New Energy,NL-BKDX30-95II/R32 (R32),6,2575,1350,R032,675
KA22511,NuLite New Energy,NL-BKDX40-150II/R32 (R32),10,3475,2250,R032,675
KA22512,NuLite New Energy,NL-BKDX50-200II/R32 (R32),12,3925,2700,R032,675
KA22835,NuLite New Energy,NL-BKDX80-300II/R32 (R32),19,5500,4275,R032,675
KA31852,Nørdis,HLT12MONO-S + HLT-9-250-3S,8,3025,1800,R290 (Propaan),3
KA31853,Nørdis,HLT12MONO-S + HLT-9-3S,8,3025,1800,R290 (Propaan),3
KA31854,Nørdis,HLT16MONO-3S + HLT-12-250-3S,11,3700,2475,R290 (Propaan),3
KA31855,Nørdis,HLT16MONO-3S + HLT-12-3S,11,3700,2475,R290 (Propaan),3
KA31856,Nørdis,HLT6MONO-S + HLT-9-250-3S,4,2125,900,R290 (Propaan),3
KA31857,Nørdis,HLT6MONO-S + HLT-9-3S,4,2125,900,R290 (Propaan),3
KA31858,Nørdis,HLT9MONO-S + HLT-9-250-3S,6,2575,1350,R290 (Propaan),3
KA31859,Nørdis,HLT9MONO-S + HLT-9-3S,6,2575,1350,R290 (Propaan),3
KA31860,Nørdis,HOP10WMONO,8,3025,1800,R032,675
KA31861,Nørdis,HOP10WODU + HOP100WIDU,8,3025,1800,R032,675
KA31862,Nørdis,HOP10WODU+ HOP100/190IDU,8,3025,1800,R032,675
KA31863,Nørdis,HOP12WMONO3,11,3700,2475,R032,675
KA31864,Nørdis,HOP12WODU3 + HOP160/240IDU3,11,3700,2475,R032,675
KA31865,Nørdis,HOP12WODU3 + HOP160WIDU3,11,3700,2475,R032,675
KA31866,Nørdis,HOP16WMONO3,13,4150,2925,R032,675
KA31867,Nørdis,HOP16WODU3 + HOP160/240IDU3,13,4150,2925,R032,675
KA31868,Nørdis,HOP16WODU3 + HOP160WIDU3,13,4150,2925,R032,675
KA31869,Nørdis,HOP22WMONO3,20,5725,4500,R032,675
KA31870,Nørdis,HOP26WMONO3,22,6175,4950,R032,675
KA31871,Nørdis,HOP30WMONO3,24,6425,5400,R032,675
KA31872,Nørdis,HOP4WODU+ HOP60WIDU,5,2350,1125,R032,675
KA31873,Nørdis,HOP6WMONO,6,2575,1350,R032,675
KA31874,Nørdis,HOP6WODU + HOP100/190IDU,6,2575,1350,R032,675
KA31875,Nørdis,HOP6WODU + HOP60WIDU,6,2575,1350,R032,675
KA31876,Nørdis,HOP8WMONO,7,2800,1575,R032,675
KA31877,Nørdis,HOP8WODU + HOP100/190IDU,7,2800,1575,R032,675
KA31878,Nørdis,HOP8WODU + HOP100WIDU,7,2800,1575,R032,675
KA27592,OEG,650001330 R290,4,2125,900,R290 (Propaan),3
KA27593,OEG,650001331 R290,6,2575,1350,R290 (Propaan),3
KA27594,OEG,650001332 R290,8,3025,1800,R290 (Propaan),3
KA27595,OEG,650001333 R290,11,3700,2475,R290 (Propaan),3
KA23414,Olimpia-Splendid S.p.A.,02303 Sherpa Monobloc S2E 6,6,2575,1350,R032,675
KA23420,Olimpia-Splendid S.p.A.,02309 Sherpa Monobloc S2E 12T,11,3700,2475,R032,675
KA23422,Olimpia-Splendid S.p.A.,02311 Sherpa Monobloc S2E 16T,13,4150,2925,R032,675
KA31256,Olimpia-Splendid S.p.A.,02598 - SHERPA MONOBLOC S4 P 6,6,2575,1350,R290 (Propaan),3
KA31257,Olimpia-Splendid S.p.A.,02599 - SHERPA MONOBLOC S4 P 9,8,3025,1800,R290 (Propaan),3
KA31258,Olimpia-Splendid S.p.A.,02600 - SHERPA MONOBLOC S4 P 12,11,3700,2475,R290 (Propaan),3
KA31259,Olimpia-Splendid S.p.A.,02601 - SHERPA MONOBLOC S4 P 15,13,4150,2925,R290 (Propaan),3
KA31260,Olimpia-Splendid S.p.A.,02602 - SHERPA MONOBLOC S4 P 12 T,11,3700,2475,R290 (Propaan),3
KA31261,Olimpia-Splendid S.p.A.,02603 - SHERPA MONOBLOC S4 P 15 T,13,3950,2925,R290 (Propaan),3
KA21764,Orca Energija,Mitsubishi PUD SHWM100YAA-ORCA DUO300,11,3500,2475,R032,675
KA28677,Outes,AHb06VR9HP,5,2350,1125,R290 (Propaan),3
KA28678,Outes,AHb08VR9HP,6,2575,1350,R290 (Propaan),3
KA28679,Outes,AHb10VR9HP,9,3250,2025,R290 (Propaan),3
KA28680,Outes,AHb10VR9HP II,9,3250,2025,R290 (Propaan),3
KA28682,Outes,AHb10VR9XP,9,3250,2025,R290 (Propaan),3
KA28684,Outes,AHb12VR9XP,11,3700,2475,R290 (Propaan),3
KA28685,Outes,AHb14VR9XP,13,3950,2925,R290 (Propaan),3
KA28686,Outes,AHb16VR9XP,14,4375,3150,R290 (Propaan),3
KA26194,Outes,VitalVerde AHb12VR3XP,11,3700,2475,R032,675
KA26197,Outes,VitalVerde AHb16VR3HP,13,4150,2925,R032,675
KA26198,Outes,VitalVerde AHb16VR3XP,13,4150,2925,R032,675
KA28848,OVUM,AirCube 208P,7,2800,1575,R290 (Propaan),3
KA26331,OVUM,AirCube 312P MONOBLOCK,9,3250,2025,R290 (Propaan),3
KA26332,OVUM,AirCube 417P MONOBLOCK,14,4375,3150,R290 (Propaan),3
KA28849,OVUM,AirCube 520P,19,5500,4275,R290 (Propaan),3
KA15498,Panasonic,KIT-ADC03JE5,4,2125,900,R032,675
KA16005,Panasonic,KIT-ADC05JE5,5,2350,1125,R032,675
KA19832,Panasonic,KIT-ADC05JE5C,5,2350,1125,R032,675
KA15499,Panasonic,KIT-ADC07JE5,6,2575,1350,R032,675
KA15502,Panasonic,KIT-ADC07JE5B,6,2575,1350,R032,675
KA19833,Panasonic,KIT-ADC07JE5C,6,2575,1350,R032,675
KA15500,Panasonic,KIT-ADC09JE5,7,2800,1575,R032,675
KA19834,Panasonic,KIT-ADC09JE5C,7,2800,1575,R032,675
KA22050,Panasonic,KIT-ADC09JE5UK,6,2375,1350,R032,675
KA29277,Panasonic,KIT-AXC09K9E8 (WH-ADC0912K9E8 + WH-UXZ09KE8),9,3250,2025,R032,675
KA30019,Panasonic,KIT-AXC09K9E83 (WH-ADC0912K9E83 + WH-UXZ09KE8),9,3250,2025,R032,675
KA29278,Panasonic,KIT-AXC12K9E8 (WH-ADC0912K9E8 + WH-UXZ12KE8),12,3925,2700,R032,675
KA30020,Panasonic,KIT-AXC12K9E83 (WH-ADC0912K9E83 + WH-UXZ12KE8),12,3925,2700,R032,675
KA29279,Panasonic,KIT-AXC16K9E8 (WH-ADC16K9E8 + WH-UXZ16KE8),16,4625,3600,R032,675
KA30021,Panasonic,KIT-AXC16K9E83 (WH-ADC16K9E83 + WH-UXZ16KE8),16,4625,3600,R032,675
KA22051,Panasonic,KIT-MXC09J3E8-W,9,3250,2025,R032,675
KA22052,Panasonic,KIT-MXC12J9E8-W,9,3250,2025,R032,675
KA22053,Panasonic,KIT-MXC16J9E8-W,16,4625,3600,R032,675
KA16641,Panasonic,KIT-WC03J3E5,3,1700,675,R032,675
KA16642,Panasonic,KIT-WC05J3E5,5,2350,1125,R032,675
KA16643,Panasonic,KIT-WC07J3E5,6,2375,1350,R032,675
KA16644,Panasonic,KIT-WC09J3E5,6,2375,1350,R032,675
KA29280,Panasonic,KIT-WXC09K9E8 (WH-SXC09K9E8 + WH-UXZ09KE8),9,3250,2025,R032,675
KA29281,Panasonic,KIT-WXC12K9E8 (WH-SXC12K9E8 + WH-UXZ12KE8),12,3925,2700,R032,675
KA29282,Panasonic,KIT-WXC16K9E8 (WH-SXC16K9E8 + WH-UXZ16KE8),16,4625,3600,R032,675
KA27705,Panasonic,P-AQUAG0070HA,50,12275,11250,R290 (Propaan),3
KA27706,Panasonic,P-AQUAG0080HA,57,13850,12825,R290 (Propaan),3
KA24602,Panasonic,WH-ADC0309K3E5 + WH-UDZ03KE5,4,2125,900,R032,675
KA24603,Panasonic,WH-ADC0309K3E5 + WH-UDZ05KE5,5,2350,1125,R032,675
KA24604,Panasonic,WH-ADC0309K3E5 + WH-UDZ07KE5,7,2800,1575,R032,675
KA24605,Panasonic,WH-ADC0309K3E5 + WH-UDZ09KE5,7,2800,1575,R032,675
KA24606,Panasonic,WH-ADC0309K3E5B + WH-UDZ03KE5,4,2125,900,R032,675
KA24607,Panasonic,WH-ADC0309K3E5B + WH-UDZ05KE5,5,2350,1125,R032,675
KA24608,Panasonic,WH-ADC0309K3E5B + WH-UDZ07KE5,7,2800,1575,R032,675
KA24609,Panasonic,WH-ADC0309K3E5B + WH-UDZ09KE5,7,2800,1575,R032,675
KA30022,Panasonic,WH-ADC0316M9E83 + WH-WXG09ME8,9,3250,2025,R290 (Propaan),3
KA30023,Panasonic,WH-ADC0316M9E83 + WH-WXG12ME8,12,3925,2700,R290 (Propaan),3
KA30024,Panasonic,WH-ADC0316M9E83 + WH-WXG16ME8,16,4825,3600,R290 (Propaan),3
KA24610,Panasonic,WH-ADC0509L3E5 + WH-WDG05LE5,5,2350,1125,R290 (Propaan),3
KA24611,Panasonic,WH-ADC0509L3E5 + WH-WDG07LE5,7,2800,1575,R290 (Propaan),3
KA24612,Panasonic,WH-ADC0509L3E5 + WH-WDG09LE5,9,3250,2025,R290 (Propaan),3
KA30025,Panasonic,WH-ADC0509L3E51 + WH-WDG05LE5,5,2350,1125,R290 (Propaan),3
KA30026,Panasonic,WH-ADC0509L3E51 + WH-WDG07LE5,7,2800,1575,R290 (Propaan),3
KA30027,Panasonic,WH-ADC0509L3E51 + WH-WDG09LE5,8,3025,1800,R290 (Propaan),3
KA24613,Panasonic,WH-ADC0509L3E5B + WH-WDG05LE5,5,2350,1125,R290 (Propaan),3
KA24614,Panasonic,WH-ADC0509L3E5B + WH-WDG07LE5,7,2800,1575,R290 (Propaan),3
KA24615,Panasonic,WH-ADC0509L3E5B + WH-WDG09LE5,9,3250,2025,R290 (Propaan),3
KA22064,Panasonic,WH-ADF0309J3E5CM (Ecoflex),7,2600,1575,R032,675
KA17458,Panasonic,WH-MDC05J3E5,5,2350,1125,R032,675
KA17459,Panasonic,WH-MDC07J3E5,6,2575,1350,R032,675
KA17460,Panasonic,WH-MDC09J3E5,7,2800,1575,R032,675
KA25926,Panasonic,WH-MDC12H6E5 (R410a),10,3475,2250,R410A,2088
KA12893,Panasonic,WH-MXC09H3E8,9,3250,2025,R410A,2088
KA21131,Panasonic,WH-MXC09J3E8,9,3250,2025,R032,675
KA12894,Panasonic,WH-MXC12H9E8,12,3725,2700,R410A,2088
KA21132,Panasonic,WH-MXC12J9E8,9,3250,2025,R032,675
KA12895,Panasonic,WH-MXC16H9E8,16,4625,3600,R410A,2088
KA21133,Panasonic,WH-MXC16J9E8,16,4625,3600,R032,675
KA26154,Panasonic,WH-SDC0309K3E5 + WH-UDZ03KE5,4,2125,900,R032,675
KA26155,Panasonic,WH-SDC0309K3E5 + WH-UDZ05KE5,5,2350,1125,R032,675
KA26156,Panasonic,WH-SDC0309K3E5 + WH-UDZ07KE5,7,2800,1575,R032,675
KA26157,Panasonic,WH-SDC0309K3E5 + WH-UDZ09KE5,8,3025,1800,R032,675
KA31213,Panasonic,WH-SDC0316M9E8 + WH-WXG09ME8,9,3250,2025,R290 (Propaan),3
KA31214,Panasonic,WH-SDC0316M9E8 + WH-WXG12ME8,13,3950,2925,R290 (Propaan),3
KA31215,Panasonic,WH-SDC0316M9E8 + WH-WXG16ME8,17,5050,3825,R290 (Propaan),3
KA26158,Panasonic,WH-SDC0509L3E5 + WH-WDG05LE5,5,2350,1125,R290 (Propaan),3
KA26159,Panasonic,WH-SDC0509L3E5 + WH-WDG07LE5,7,2800,1575,R290 (Propaan),3
KA26160,Panasonic,WH-SDC0509L3E5 + WH-WDG09LE5,8,3025,1800,R290 (Propaan),3
KA28402,Panasonic,WH-WXG09ME8,9,3250,2025,R290 (Propaan),3
KA28403,Panasonic,WH-WXG12ME8,12,3925,2700,R290 (Propaan),3
KA28404,Panasonic,WH-WXG16ME8,16,4825,3600,R290 (Propaan),3
KA29283,Panasonic,WH-WXG20ME8,22,5975,4950,R290 (Propaan),3
KA29284,Panasonic,WH-WXG25ME8,27,7100,6075,R290 (Propaan),3
KA29285,Panasonic,WH-WXG30ME8,30,7775,6750,R290 (Propaan),3
KA22934,PHNIX,Ventus GreenTherm-W020,4,2125,900,R290 (Propaan),3
KA21761,PHNIX,Ventus GreenTherm-W040,8,3025,1800,R290 (Propaan),3
KA21762,PHNIX,Ventus GreenTherm-W060S,11,3700,2475,R290 (Propaan),3
KA20249,PHNIX,Ventus Hero-W040,8,3025,1800,R032,675
KA20250,PHNIX,Ventus Hero-W060,13,3950,2925,R032,675
KA22935,PHNIX,Ventus HeroPremium-W020,5,2350,1125,R032,675
KA24783,Power World,PW030-DKZLRS-B/S,5,2350,1125,R032,675
KA25043,Power World,PW030-DKZLRS-E/S,5,2350,1125,R290 (Propaan),3
KA24406,Power World,PW040-DKZLRS-A,9,3250,2025,R032,675
KA24787,Power World,PW040-DKZLRS-E/S,8,2825,1800,R290 (Propaan),3
KA22832,Power World,PW050-DKZLRS-A,15,4600,3375,R032,675
KA26288,Power World,PW050-DKZLRS-E,11,3500,2475,R290 (Propaan),3
KA25044,Power World,PW050-DKZLRS-E/S,9,3250,2025,R290 (Propaan),3
KA26289,Power World,PW060-DKZLRS-E,12,3925,2700,R290 (Propaan),3
KA29633,Power World,PW150-DKZLRS-E,25,6850,5625,R290 (Propaan),3
KA30992,Power World,PW300-DKZLRS-E,50,12475,11250,R290 (Propaan),3
KA30005,ProCalor,AH19SDCR-P32,11,3700,2475,R032,675
KA32240,ProCalor,ProAH20-P1,16,4825,3600,R290 (Propaan),3
KA23019,Qmex,QA-S06HPN7-O,5,2350,1125,R290 (Propaan),3
KA23020,Qmex,QA-S12HPN7-O,9,3250,2025,R290 (Propaan),3
KA23022,Qmex,QB-S12HPN7-O,9,3250,2025,R290 (Propaan),3
KA23023,Qmex,QB-S18HPN7-O,15,4400,3375,R290 (Propaan),3
KA26039,Qmex,QB-S50HPN7-O,31,8000,6975,R290 (Propaan),3
KA31622,Qmex,QB-S80HPN7-O,45,11350,10125,R290 (Propaan),3
KA29998,Quatt,AMH6,7,2800,1575,R290 (Propaan),3
KA31636,Quatt,AMH6-2,8,2825,1800,R290 (Propaan),3
KA21789,Quatt,Quatt Hybrid 6kW,4,2125,900,R032,675
KA23336,Qvantum,Q65LB4,52,12725,11700,R407C,1774
KA23337,Qvantum,Q81LB4,61,14750,13725,R407C,1774
KA28992,Qvantum,QA-15-1,8,2825,1800,R290 (Propaan),3
KA28993,Qvantum,QA-15-3,8,2825,1800,R290 (Propaan),3
KA28994,Qvantum,QA-9-1,4,1925,900,R290 (Propaan),3
KA28645,Qvantum,QE-4,4,1925,900,R134A,1430
KA27646,Qvantum,QE-6,5,2150,1125,R134A,1430
KA30419,Remeha,Confida MB 400-12 + (ControlBox MB/Confida 10/Confida 40),11,3700,2475,R290 (Propaan),3
KA30420,Remeha,Confida MB 400-12M + (ControlBox MB/Confida 10/Confida 40),11,3700,2475,R290 (Propaan),3
KA30421,Remeha,Confida MB 400-14+ (ControlBox MB/Confida 10/Confida 40),12,3925,2700,R290 (Propaan),3
KA30422,Remeha,Confida MB 400-14M+ (ControlBox MB/Confida 10/Confida 40),12,3925,2700,R290 (Propaan),3
KA30423,Remeha,Confida MB 400-4+ (ControlBox MB/Confida 10/Confida 40),5,2350,1125,R290 (Propaan),3
KA30424,Remeha,Confida MB 400-6+ (ControlBox MB/Confida 10/Confida 40),6,2575,1350,R290 (Propaan),3
KA30425,Remeha,Confida MB 400-9+ (ControlBox MB/Confida 10/Confida 40),7,2800,1575,R290 (Propaan),3
KA27590,Remeha,Effenca HT 20,20,5725,4500,R290 (Propaan),3
KA27591,Remeha,Effenca HT 30,27,7300,6075,R290 (Propaan),3
KA24981,Remeha,Effenca MT 20,14,4175,3150,R032,675
KA24982,Remeha,Effenca MT 26,18,5075,4050,R032,675
KA24983,Remeha,Effenca MT 33,20,5725,4500,R032,675
KA24984,Remeha,Effenca MT 40,24,6625,5400,R032,675
KA17438,Remeha,Elga Ace 4 kW,3,1700,675,R032,675
KA17439,Remeha,Elga Ace 6 kW,5,2150,1125,R032,675
KA27922,Remeha,Elga Ace All-in-one 4 (AWHP2R 4MR),5,2350,1125,R032,675
KA27923,Remeha,Elga Ace All-in-one 6 (AWHP2R 6MR),6,2575,1350,R032,675
KA27924,Remeha,Elga Ace All-in-one 8 (AWHP2R 8MR),7,2800,1575,R032,675
KA24153,Remeha,Elga Ace Mono MB 4 MR/H,5,2350,1125,R032,675
KA24154,Remeha,Elga Ace Mono MB 6 MR/H,6,2575,1350,R032,675
KA24155,Remeha,Elga Ace Mono MB 8 MR/H,7,2800,1575,R032,675
KA20213,Remeha,Eria Tower Ace MB 11 TR/E,9,3050,2025,R410A,2088
KA27581,Remeha,"Eria Tower Ace R32 4,5MR 2024 (AWHPR 4 MR)",5,2350,1125,R032,675
KA27582,Remeha,Eria Tower Ace R32 6MR 2024 (AWHPR 6 MR),7,2800,1575,R032,675
KA27583,Remeha,Eria Tower Ace R32 8MR 2024 (AWHPR 8 MR),6,2575,1350,R032,675
KA27584,Remeha,"Eria Tower Ace S R32 4,5MR 2024 (AWHPR 4 MR)",5,2350,1125,R032,675
KA27585,Remeha,Eria Tower Ace S R32 6MR 2024 (AWHPR 6 MR),7,2800,1575,R032,675
KA27586,Remeha,Eria Tower Ace S R32 8MR 2024 (AWHPR 8 MR),6,2575,1350,R032,675
KA13678,Remeha,Eria Tower E 11 kW Driefase,6,2575,1350,R410A,2088
KA13680,Remeha,Eria Tower E 16 kW Driefase,9,3250,2025,R410A,2088
KA27587,Remeha,"Mercuria Ace R32 4,5MR 2024 (AWHPR 4 MR)",5,2350,1125,R032,675
KA27588,Remeha,Mercuria Ace R32 6MR 2024 (AWHPR 6 MR),7,2800,1575,R032,675
KA27589,Remeha,Mercuria Ace R32 8MR 2024 (AWHPR 8 MR),6,2575,1350,R032,675
KA27335,Remeha,"Mono 2 AWHP 10 MR + (Binnendeel ""MB""/Confida 10/Confida 40)",8,3025,1800,R032,675
KA27336,Remeha,"Mono 2 AWHP 12 TR + (Binnendeel ""MB""/Confida 10/Confida 40)",11,3700,2475,R032,675
KA27337,Remeha,"Mono 2 AWHP 16 TR + (Binnendeel ""MB""/Confida 10/Confida 40)",13,4150,2925,R032,675
KA27338,Remeha,"Mono 2 AWHP 4 MR + (Binnendeel ""MB""/Confida 10/Confida 40)",5,2350,1125,R032,675
KA27339,Remeha,"Mono 2 AWHP 6 MR + (Binnendeel ""MB""/Confida 10/Confida 40)",6,2575,1350,R032,675
KA27340,Remeha,"Mono 2 AWHP 8 MR + (Binnendeel ""MB""/Confida 10/Confida 40)",7,2800,1575,R032,675
KA13694,Remeha,Neptuna E 16 kW Driefase,12,3725,2700,R410A,2088
KA13701,Remeha,Neptuna H 11 kW Driefase,10,3275,2250,R410A,2088
KA13703,Remeha,Neptuna H 16 kW Driefase,12,3725,2700,R410A,2088
KA31607,Remko,HTS 135,6,2575,1350,R032,675
KA31608,Remko,HTS 205,9,3250,2025,R032,675
KA31609,Remko,HTS 265,12,3925,2700,R032,675
KA31610,Remko,HTS 95,4,2125,900,R032,675
KA31204,Remko,SQW 405 Pro Single,26,6875,5850,R290 (Propaan),3
KA20416,Remko,WKF 100 (incl. NEO-compact),6,2575,1350,R032,675
KA20417,Remko,WKF 130 (incl. NEO-compact),7,2800,1575,R032,675
KA20418,Remko,WKF 170 (incl. NEO-compact),10,3475,2250,R032,675
KA00758,Remko,WKF 70 (incl. NEO-compact),5,2150,1125,R410A,2088
KA31205,Remko,WKM 100,6,2575,1350,R032,675
KA31206,Remko,WKM 105 Pro,7,2800,1575,R290 (Propaan),3
KA31207,Remko,WKM 135 Pro,10,3475,2250,R290 (Propaan),3
KA31208,Remko,WKM 170,10,3475,2250,R032,675
KA31209,Remko,WKM 175 Pro,12,3925,2700,R290 (Propaan),3
KA31210,Remko,WKM 200,14,4375,3150,R032,675
KA30742,Remko,WKM 80,5,2350,1125,R032,675
KA31211,Remko,WKM 85 Pro,4,2125,900,R290 (Propaan),3
KA22616,Renson,REN-HP-A-09-V1 (AREAN 8),4,2125,900,R290 (Propaan),3
KA22618,Renson,REN-HP-A-15S-V1 (AREAN 15S),8,3025,1800,R290 (Propaan),3
KA22491,Rhoss,MidiPACK-I ECO THAITI 140,31,8000,6975,R032,675
KA22492,Rhoss,MidiPACK-I ECO THAITI 148,39,9800,8775,R032,675
KA20244,Rhoss,MidiPack-I THAITY 130,23,6200,5175,R410A,2088
KA24647,Rhoss,POKER R290 THAETP 250 P1,34,8675,7650,R290 (Propaan),3
KA24735,Rhoss,THAETY 269,49,12050,11025,R410A,2088
KA24737,Rhoss,THAETY 289,62,14975,13950,R410A,2088
KA21248,Rhoss,THAITI 114M P0,10,3275,2250,R032,675
KA29206,Rhoss,THAITI 118 P0,16,4825,3600,R032,675
KA28246,Rotenso,AIM/W/B/G/100X1,8,3025,1800,R032,675
KA28247,Rotenso,AIM/W/B/G/120X3,10,3475,2250,R032,675
KA28248,Rotenso,AIM/W/B/G/140X3,12,3925,2700,R032,675
KA28249,Rotenso,AIM/W/B/G/160X3,13,4150,2925,R032,675
KA28250,Rotenso,AIM/W/B/G/40X1,4,2125,900,R032,675
KA28251,Rotenso,AIM/W/B/G/60X1,5,2350,1125,R032,675
KA28252,Rotenso,AIM/W/B/G/80X1,7,2800,1575,R032,675
KA28253,Rotenso,AIS/W/B/G/100X1o/AIS100X13i,8,3025,1800,R032,675
KA28254,Rotenso,AIS/W/B/G/120X3o/AIS120X13i,10,3475,2250,R032,675
KA28255,Rotenso,AIS/W/B/G/140X3o/AIS140X13i,12,3925,2700,R032,675
KA28256,Rotenso,AIS/W/B/G/160X3o/AIS160X13i,13,4150,2925,R032,675
KA28257,Rotenso,AIS/W/B/G/40X1o/AIS40X1i,4,2125,900,R032,675
KA28258,Rotenso,AIS/W/B/G/60X1o/AIS60X1i,5,2350,1125,R032,675
KA28259,Rotenso,AIS/W/B/G/80X1o/AIS80X13i,6,2575,1350,R032,675
KA28260,Rotenso,AQM100X1,8,3025,1800,R032,675
KA28261,Rotenso,AQM120X3,11,3700,2475,R032,675
KA28262,Rotenso,AQM140X3,12,3925,2700,R032,675
KA28263,Rotenso,AQM160X3,13,4150,2925,R032,675
KA28264,Rotenso,AQM220X3,20,5725,4500,R032,675
KA28265,Rotenso,AQM300X3,24,6425,5400,R032,675
KA28266,Rotenso,AQM40X1,5,2350,1125,R032,675
KA28267,Rotenso,AQM60X1,6,2575,1350,R032,675
KA28268,Rotenso,AQM80X1,7,2800,1575,R032,675
KA28269,Rotenso,AQS100X1o/AQS100T190X1i,8,3025,1800,R032,675
KA28270,Rotenso,AQS100X1o/AQS100T240X13i,8,3025,1800,R032,675
KA28271,Rotenso,AQS100X1o/AQS100X13i,8,3025,1800,R032,675
KA28272,Rotenso,AQS120X3o/AQS160T240X13i,11,3700,2475,R032,675
KA28273,Rotenso,AQS120X3o/AQS160X13i,11,3700,2475,R032,675
KA28274,Rotenso,AQS140X3o/AQS160T240X13i,12,3925,2700,R032,675
KA28275,Rotenso,AQS140X3o/AQS160X13i,12,3925,2700,R032,675
KA28276,Rotenso,AQS160X3o/AQS160T240X13i,13,4150,2925,R032,675
KA28277,Rotenso,AQS160X3o/AQS160X13i,13,4150,2925,R032,675
KA28278,Rotenso,AQS40X1o/AQS100T190X1i,5,2350,1125,R032,675
KA28279,Rotenso,AQS40X1o/AQS100T240X13i,5,2350,1125,R032,675
KA28280,Rotenso,AQS40X1o/AQS60X13i,5,2350,1125,R032,675
KA28281,Rotenso,AQS60X1o/AQS100T190X1i,6,2575,1350,R032,675
KA28282,Rotenso,AQS60X1o/AQS100T240X13i,6,2575,1350,R032,675
KA28283,Rotenso,AQS60X1o/AQS60X13i,6,2575,1350,R032,675
KA28284,Rotenso,AQS80X1o/AQS100T190X1i,7,2800,1575,R032,675
KA28285,Rotenso,AQS80X1o/AQS100T240X13i,7,2800,1575,R032,675
KA28286,Rotenso,AQS80X1o/AQS100X13i,7,2800,1575,R032,675
KA28287,Rotenso,HES100X1o/HES100X13i,8,3025,1800,R032,675
KA28288,Rotenso,HES40X1o/HES60X1i,5,2350,1125,R032,675
KA28289,Rotenso,HES60X1o/HES60X1i,6,2575,1350,R032,675
KA28290,Rotenso,HES80X1o/HES80X13i,7,2800,1575,R032,675
KA28291,Rotenso,WIM100X1,9,3250,2025,R032,675
KA28292,Rotenso,WIM120X3,11,3700,2475,R032,675
KA28293,Rotenso,WIM140X3,12,3925,2700,R032,675
KA28294,Rotenso,WIM160X3,13,4150,2925,R032,675
KA28295,Rotenso,WIM60X1,5,2350,1125,R032,675
KA28296,Rotenso,WIM80X1,7,2800,1575,R032,675
KA31614,RP Handels und Service,AI-290-06-230V,4,2125,900,R290 (Propaan),3
KA31615,RP Handels und Service,AI-290-09-230V,6,2575,1350,R290 (Propaan),3
KA31616,RP Handels und Service,AI-290-12-230V,8,3025,1800,R290 (Propaan),3
KA31617,RP Handels und Service,AI-290-12-400V,8,3025,1800,R290 (Propaan),3
KA31618,RP Handels und Service,AI-290-16-230V,11,3700,2475,R290 (Propaan),3
KA31619,RP Handels und Service,AI-290-16-400V,11,3700,2475,R290 (Propaan),3
KA31620,RP Handels und Service,AI-290-19-400V,12,3925,2700,R290 (Propaan),3
KA31621,RP Handels und Service,AI-290-22-400V,14,4375,3150,R290 (Propaan),3
KA21647,Samsung,AE040RXEDEG/AE090RNYDEG,4,2125,900,R032,675
KA16945,Samsung,AE040RXEDEG/AE200RNWSEG,4,1925,900,R032,675
KA16946,Samsung,AE040RXEDEG/AE260RNWSEG,4,1925,900,R032,675
KA31990,Samsung,AE040RXEDEG/EU - AE***DN*SPG/EU,4,2125,900,R032,675
KA26957,Samsung,AE050CXY**K + MIM controlkit,5,2350,1125,R290 (Propaan),3
KA29691,Samsung,AE050CXY**K_AE160DN*,5,2350,1125,R290 (Propaan),3
KA28297,Samsung,AE050CXYBEK,5,2350,1125,R290 (Propaan),3
KA26956,Samsung,AE050CXYDEK_AE200*,5,2350,1125,R290 (Propaan),3
KA22112,Samsung,AE050RXY**G + MIM controlkit,5,2350,1125,R032,675
KA16947,Samsung,AE050RXYDEG/AE200RNWMEG,4,1925,900,R032,675
KA16948,Samsung,AE060RXEDEG/AE200RNWSEG,5,2150,1125,R032,675
KA16949,Samsung,AE060RXEDEG/AE260RNWSEG,5,2150,1125,R032,675
KA31991,Samsung,AE060RXEDEG/EU - AE***DN*SPG/EU,5,2350,1125,R032,675
KA23536,Samsung,AE080BXY**G + MIM controlkit,8,3025,1800,R032,675
KA22829,Samsung,AE080BXYDEG_AE200RNWMEG,8,3025,1800,R032,675
KA23534,Samsung,AE080BXYDEG_AE260RNWMEG,8,3025,1800,R032,675
KA23537,Samsung,AE080BXYDGG_AE260RNWMGG,8,3025,1800,R032,675
KA26960,Samsung,AE080CXY**K + MIM controlkit,7,2800,1575,R290 (Propaan),3
KA29692,Samsung,AE080CXY**K_AE160DN*,7,2800,1575,R290 (Propaan),3
KA28298,Samsung,AE080CXYBEK,7,2800,1575,R290 (Propaan),3
KA28299,Samsung,AE080CXYBGK,7,2800,1575,R290 (Propaan),3
KA26958,Samsung,AE080CXYDEK_AE200*,7,2800,1575,R290 (Propaan),3
KA26959,Samsung,AE080CXYDEK_AE260*,7,2800,1575,R290 (Propaan),3
KA26961,Samsung,AE080CXYDGK_AE260*,7,2800,1575,R290 (Propaan),3
KA22115,Samsung,AE080RXY**G + MIM controlkit,7,2800,1575,R032,675
KA16950,Samsung,AE080RXYDEG/AE200RNWMEG,7,2800,1575,R032,675
KA16951,Samsung,AE080RXYDEG/AE260RNWMEG,7,2800,1575,R032,675
KA16952,Samsung,AE080RXYDGG/AE260RNWMGG,7,2800,1575,R032,675
KA31992,Samsung,AE090RXED*G/EU - AE***DN*SPG/EU,8,3025,1800,R032,675
KA21649,Samsung,AE090RXEDEG/AE090RNYDEG,8,3025,1800,R032,675
KA16953,Samsung,AE090RXEDEG/AE200RNWSEG,7,2600,1575,R032,675
KA16954,Samsung,AE090RXEDEG/AE260RNWSEG,7,2600,1575,R032,675
KA21650,Samsung,AE090RXEDGG/AE090RNYDGG,8,3025,1800,R032,675
KA16955,Samsung,AE090RXEDGG/AE260RNWSGG,7,2600,1575,R032,675
KA23546,Samsung,AE120BXY**G + MIM controlkit,11,3700,2475,R032,675
KA23540,Samsung,AE120BXYDEG_AE200RNWMEG,11,3700,2475,R032,675
KA23541,Samsung,AE120BXYDEG_AE260RNWMEG,11,3700,2475,R032,675
KA23544,Samsung,AE120BXYDGG_AE260RNWMGG,11,3700,2475,R032,675
KA26967,Samsung,AE120CXY**K + MIM controlkit,11,3700,2475,R290 (Propaan),3
KA29693,Samsung,AE120CXY**K_AE160DN*,11,3700,2475,R290 (Propaan),3
KA28300,Samsung,AE120CXYBGK,11,3700,2475,R290 (Propaan),3
KA26963,Samsung,AE120CXYDEK_AE200*,11,3700,2475,R290 (Propaan),3
KA26964,Samsung,AE120CXYDEK_AE260*,11,3700,2475,R290 (Propaan),3
KA26966,Samsung,AE120CXYDGK_AE260*,11,3700,2475,R290 (Propaan),3
KA20978,Samsung,AE120MXTPGH/AE260TNWTEH,10,3475,2250,R410A,2088
KA22121,Samsung,AE120RXY**G + MIM controlkit,13,4150,2925,R032,675
KA16956,Samsung,AE120RXYDEG/AE200RNWMEG,11,3500,2475,R032,675
KA16957,Samsung,AE120RXYDEG/AE260RNWMEG,11,3500,2475,R032,675
KA16958,Samsung,AE120RXYDGG/AE260RNWMGG,11,3500,2475,R032,675
KA30769,Samsung,AE125DXED*G / AE160DN*SPG,11,3700,2475,R032,675
KA30770,Samsung,AE125DXED*G / AE200DN*SPG,11,3700,2475,R032,675
KA31993,Samsung,AE125HCTPGS/EU - AE***DN*MPK/EU,11,3500,2475,R032,675
KA23553,Samsung,AE140BXY**G + MIM controlkit,12,3925,2700,R032,675
KA23548,Samsung,AE140BXYDEG_AE260RNWMEG,12,3925,2700,R032,675
KA23551,Samsung,AE140BXYDGG_AE260RNWMGG,12,3925,2700,R032,675
KA26972,Samsung,AE160CXY**K + MIM controlkit,14,4375,3150,R290 (Propaan),3
KA29694,Samsung,AE160CXY**K_AE160DN*,14,4375,3150,R290 (Propaan),3
KA28301,Samsung,AE160CXYBGK,14,4375,3150,R290 (Propaan),3
KA26968,Samsung,AE160CXYDEK_AE200*,14,4375,3150,R290 (Propaan),3
KA26969,Samsung,AE160CXYDEK_AE260*,14,4375,3150,R290 (Propaan),3
KA26971,Samsung,AE160CXYDGK_AE260*,14,4375,3150,R290 (Propaan),3
KA30771,Samsung,AE160DXED*G / AE160DN*SPG,12,3925,2700,R032,675
KA30772,Samsung,AE160DXED*G / AE200DN*SPG,12,3925,2700,R032,675
KA31994,Samsung,AE160HCTPGS/EU - AE***DN*MPK/EU,11,3500,2475,R032,675
KA20980,Samsung,AE160MXTPGH/AE260TNWTEH,11,3700,2475,R410A,2088
KA22125,Samsung,AE160RXY**G + MIM controlkit,14,4375,3150,R032,675
KA16961,Samsung,AE160RXYDGG/AE260RNWMGG,14,4175,3150,R032,675
KA29311,Shenling,HPM-V100W/R2,8,3025,1800,R032,675
KA29312,Shenling,HPM-V120W/R2,11,3700,2475,R032,675
KA29313,Shenling,HPM-V120W/R3,11,3700,2475,R290 (Propaan),3
KA29314,Shenling,HPM-V120W/SR2,11,3700,2475,R032,675
KA29315,Shenling,HPM-V120W/SR3,11,3700,2475,R290 (Propaan),3
KA29316,Shenling,HPM-V140W/R2,13,4150,2925,R032,675
KA29317,Shenling,HPM-V140W/SR2,13,3950,2925,R032,675
KA29318,Shenling,HPM-V150W/R3,13,4150,2925,R290 (Propaan),3
KA29319,Shenling,HPM-V150W/SR3,12,3925,2700,R290 (Propaan),3
KA29320,Shenling,HPM-V160W/R2,14,4375,3150,R032,675
KA29321,Shenling,HPM-V160W/SR2,13,4150,2925,R032,675
KA29322,Shenling,HPM-V40W/R2,4,2125,900,R032,675
KA29323,Shenling,HPM-V60W/R2,5,2350,1125,R032,675
KA29324,Shenling,HPM-V60W/R3,6,2575,1350,R290 (Propaan),3
KA29325,Shenling,HPM-V80W/R2,7,2800,1575,R032,675
KA29326,Shenling,HPM-V90W/R3,8,3025,1800,R290 (Propaan),3
KA29327,Shenling,HPS-V100W/R2+HM-100/DR2,8,3025,1800,R032,675
KA29328,Shenling,HPS-V120W/R2+HM-160/DR2,11,3700,2475,R032,675
KA29329,Shenling,HPS-V120W/SR2+HM-160/DSR2,11,3700,2475,R032,675
KA29330,Shenling,HPS-V140W/R2+HM-160/DR2,13,3950,2925,R032,675
KA29331,Shenling,HPS-V140W/SR2+HM-160/DSR2,13,3950,2925,R032,675
KA29332,Shenling,HPS-V160W/R2+HM-160/DR2,13,4150,2925,R032,675
KA29333,Shenling,HPS-V160W/SR2+HM-160/DSR2,13,4150,2925,R032,675
KA29334,Shenling,HPS-V40W/R2+HM-60/DR2,4,2125,900,R032,675
KA29335,Shenling,HPS-V60W/R2+HM-60/DR2,5,2350,1125,R032,675
KA29336,Shenling,HPS-V80W/R2+HM-100/DR2,7,2800,1575,R032,675
KA30269,SIME,EU HP 004,5,2350,1125,R032,675
KA30270,SIME,EU HP 006,6,2575,1350,R032,675
KA30271,SIME,EU HP 008,7,2800,1575,R032,675
KA30272,SIME,EU HP 010,8,3025,1800,R032,675
KA29655,SIME,Hybrid Revolution 30 EXR,3,1900,675,R290 (Propaan),3
KA22527,SimpleHeatpump,GT09-TP,8,3025,1800,R290 (Propaan),3
KA24360,Sinclair,MSH-100EB+MSH-100IB**,8,3025,1800,R032,675
KA24361,Sinclair,MSH-100EB+MSH-190TB**,8,3025,1800,R032,675
KA24362,Sinclair,MSH-140EB-3+MSH-160IB**,12,3925,2700,R032,675
KA24365,Sinclair,MSH-60EB+MSH-60IB*,6,2575,1350,R032,675
KA24366,Sinclair,SMHM-100B,8,3025,1800,R032,675
KA28218,Sinclair,SMHM-100P/3,8,3025,1800,R290 (Propaan),3
KA28219,Sinclair,SMHM-120B-3 /9,11,3700,2475,R032,675
KA28220,Sinclair,SMHM-120B/3,11,3700,2475,R032,675
KA28221,Sinclair,SMHM-120P-3/9,11,3700,2475,R290 (Propaan),3
KA28222,Sinclair,SMHM-120P/3,11,3700,2475,R290 (Propaan),3
KA28223,Sinclair,SMHM-140B-3/9,12,3925,2700,R032,675
KA28224,Sinclair,SMHM-140B/3,12,3925,2700,R032,675
KA28225,Sinclair,SMHM-140P-3/9,12,3925,2700,R290 (Propaan),3
KA28226,Sinclair,SMHM-140P/3,12,3925,2700,R290 (Propaan),3
KA24367,Sinclair,SMHM-160B-3,13,4150,2925,R032,675
KA28227,Sinclair,SMHM-160P-3/9,13,4150,2925,R290 (Propaan),3
KA28228,Sinclair,SMHM-160P/3,13,4150,2925,R290 (Propaan),3
KA28229,Sinclair,SMHM-180B-3,16,4825,3600,R032,675
KA28230,Sinclair,SMHM-220B-3,20,5725,4500,R032,675
KA28231,Sinclair,SMHM-260B-3,22,6175,4950,R032,675
KA31985,Sinclair,SMHM-260P-3,23,6400,5175,R290 (Propaan),3
KA28232,Sinclair,SMHM-300B-3,24,6425,5400,R032,675
KA28233,Sinclair,SMHM-300P-3,27,7100,6075,R290 (Propaan),3
KA28234,Sinclair,SMHM-350P-3,31,8000,6975,R290 (Propaan),3
KA31986,Sinclair,SMHM-400P-3,32,8225,7200,R290 (Propaan),3
KA28235,Sinclair,SMHM-40B/3,5,2350,1125,R032,675
KA28236,Sinclair,SMHM-40P/3,4,2125,900,R290 (Propaan),3
KA31987,Sinclair,SMHM-500PH-3,45,11350,10125,R290 (Propaan),3
KA31988,Sinclair,SMHM-600PH-3,52,12925,11700,R290 (Propaan),3
KA24368,Sinclair,SMHM-60B,6,2575,1350,R032,675
KA28237,Sinclair,SMHM-60P/3,6,2575,1350,R290 (Propaan),3
KA31989,Sinclair,SMHM-700PH-3,58,14075,13050,R290 (Propaan),3
KA28238,Sinclair,SMHM-80B/3,7,2800,1575,R032,675
KA28239,Sinclair,SMHM-80P/3,7,2800,1575,R290 (Propaan),3
KA22530,SolarEast,BLN-006TB1,5,2350,1125,R032,675
KA25036,SolarEast,BLN-006TC1,5,2350,1125,R290 (Propaan),3
KA32251,SolarEast,BLN-006TE1,5,2350,1125,R290 (Propaan),3
KA25037,SolarEast,BLN-008TC1,7,2800,1575,R290 (Propaan),3
KA25038,SolarEast,BLN-008TC3,7,2800,1575,R290 (Propaan),3
KA22531,SolarEast,BLN-010TB1,7,2800,1575,R032,675
KA24137,SolarEast,BLN-010TB3,7,2800,1575,R032,675
KA25039,SolarEast,BLN-012TC1,9,3250,2025,R290 (Propaan),3
KA25040,SolarEast,BLN-012TC3,9,3250,2025,R290 (Propaan),3
KA32252,SolarEast,BLN-012TE3,9,3250,2025,R290 (Propaan),3
KA25042,SolarEast,BLN-018TC3,15,4400,3375,R290 (Propaan),3
KA31027,SolarEast,NXT-006TC1,7,2800,1575,R290 (Propaan),3
KA11556,Solarfocus,Vampair K10,8,3025,1800,R410A,2088
KA25899,solflow,SFN-12SF1,9,3250,2025,R290 (Propaan),3
KA31236,Solvis,Lea 10 Pro,10,3475,2250,R290 (Propaan),3
KA31237,Solvis,Lea 7 Pro,7,2800,1575,R290 (Propaan),3
KA23435,Solvis,Lea 8.3P R454C,7,2800,1575,R454C,146
KA22152,Solvis,Mia 10,11,3500,2475,R290 (Propaan),3
KA22153,Solvis,Mia 14,16,4625,3600,R290 (Propaan),3
KA28214,Solvis,Pia 12,11,3700,2475,R290 (Propaan),3
KA31036,Solvis,Pia 13,11,3700,2475,R290 (Propaan),3
KA31037,Solvis,Pia 17,16,4825,3600,R290 (Propaan),3
KA22403,SPRSUN,CGK-030V3L-B,7,2800,1575,R032,675
KA27389,SPRSUN,CGK-030V4P,6,2575,1350,R290 (Propaan),3
KA30262,SPRSUN,CGK-030V4P-B,6,2575,1350,R290 (Propaan),3
KA22966,SPRSUN,CGK-040V3L,9,3250,2025,R032,675
KA27390,SPRSUN,CGK-040V4P,7,2800,1575,R290 (Propaan),3
KA30263,SPRSUN,CGK-040V4P-B,8,3025,1800,R290 (Propaan),3
KA21210,SPRSUN,CGK-050V3L,11,3700,2475,R032,675
KA22404,SPRSUN,CGK-050V3L-B,12,3925,2700,R032,675
KA27361,SPRSUN,CGK-050V4P,9,3250,2025,R290 (Propaan),3
KA30264,SPRSUN,CGK-050V4P-B,11,3700,2475,R290 (Propaan),3
KA23264,SPRSUN,CGK-060V3L,12,3725,2700,R032,675
KA23178,SPRSUN,CGK-060V3L-B,12,3725,2700,R032,675
KA27391,SPRSUN,CGK-060V4P,11,3700,2475,R290 (Propaan),3
KA31711,SPRSUN,CGK-080V3L-B,16,4825,3600,R032,675
KA31712,SPRSUN,CGK-080V4-B,16,4825,3600,R290 (Propaan),3
KA31713,SPRSUN,CGK-100V3L-B,20,5725,4500,R032,675
KA31714,SPRSUN,CGK-100V4-B,20,5725,4500,R290 (Propaan),3
KA31715,SPRSUN,CGK-151V4-B,30,7975,6750,R290 (Propaan),3
KA24955,SPRSUN,CGK015V3L-B,4,2125,900,R032,675
KA30265,SPRSUN,CGK020V4P-B,4,2125,900,R290 (Propaan),3
KA22967,SPRSUN,CGK025V3L,7,2600,1575,R032,675
KA23207,SPRSUN,CGK025V3L-B,7,2600,1575,R032,675
KA21771,SPRSUN,CGK030V3L,7,2600,1575,R032,675
KA27362,SPRSUN,CGK030V4P,6,2575,1350,R290 (Propaan),3
KA30266,SPRSUN,CGK030V4P-B,6,2575,1350,R290 (Propaan),3
KA24956,SPRSUN,CGK040V3L-B,9,3250,2025,R032,675
KA27363,SPRSUN,CGK040V4P,7,2800,1575,R290 (Propaan),3
KA30267,SPRSUN,CGK040V4P-B,8,3025,1800,R290 (Propaan),3
KA27392,SPRSUN,CGK050V4P,9,3250,2025,R290 (Propaan),3
KA30268,SPRSUN,CGK050V4P-B,11,3700,2475,R290 (Propaan),3
KA27393,SPRSUN,CGK060V4P,11,3700,2475,R290 (Propaan),3
KA13061,Stiebel-Eltron,WPL 07 ACS Classic (235920),3,1700,675,R410A,2088
KA13062,Stiebel-Eltron,WPL 09 ACS Classic (235921),4,1925,900,R410A,2088
KA09916,Stiebel-Eltron,WPL 09 ICS Classic (236375),4,2125,900,R410A,2088
KA13063,Stiebel-Eltron,WPL 13 ACS Classic (239044),6,2575,1350,R410A,2088
KA13072,Stiebel-Eltron,WPL 17 ACS  Classic (235922),8,3025,1800,R410A,2088
KA09917,Stiebel-Eltron,WPL 17 ICS Classic (236376),8,2825,1800,R410A,2088
KA07230,Stiebel-Eltron,WPL 20 AC (236641),10,3275,2250,R410A,2088
KA07231,Stiebel-Eltron,WPL 25 A (236644),13,3950,2925,R410A,2088
KA01552,Stiebel-Eltron,WPL 25 AC (236645),13,3950,2925,R410A,2088
KA01554,Stiebel-Eltron,WPL 25 IK-2 (231887),12,3725,2700,R410A,2088
KA01563,Stiebel-Eltron,WPL 47 (228836),23,6200,5175,R407C,1774
KA19405,Stiebel-Eltron,WPL-A 05 HK 230 Premium (202669),5,2350,1125,R454C,146
KA31829,Stiebel-Eltron,WPL-A 05.2 Plus HK 230 (206121),5,2350,1125,R290 (Propaan),3
KA31830,Stiebel-Eltron,WPL-A 05.2 Trend HK 230 (206113),5,2350,1125,R290 (Propaan),3
KA19406,Stiebel-Eltron,WPL-A 07 HK 230 Premium (200123),7,2800,1575,R454C,146
KA30308,Stiebel-Eltron,WPL-A 07.2 Plus HK 230,7,2800,1575,R290 (Propaan),3
KA31831,Stiebel-Eltron,WPL-A 07.2 Trend HK 230 (206114),7,2800,1575,R290 (Propaan),3
KA31157,Stiebel-Eltron,WPL-A 10 HK 400 Premium,10,3275,2250,R452B,675
KA30309,Stiebel-Eltron,WPL-A 10.2 Plus HK 400,10,3475,2250,R290 (Propaan),3
KA30310,Stiebel-Eltron,WPL-A 10.2 Trend HK 230,9,3250,2025,R290 (Propaan),3
KA29827,Stiebel-Eltron,WPL-A 13 HK 400 Premium,13,3950,2925,R452B,675
KA30311,Stiebel-Eltron,WPL-A 13.2 Plus HK 400,13,4150,2925,R290 (Propaan),3
KA30312,Stiebel-Eltron,WPL-A 13.2 Trend HK 400,13,4150,2925,R290 (Propaan),3
KA31832,Stiebel-Eltron,WPL-A 17.2 Trend HK 400 (206120),18,5275,4050,R290 (Propaan),3
KA29841,Sunex,NEXUS M EVI 13,9,3250,2025,R032,675
KA29842,Sunex,NEXUS M EVI 18,15,4600,3375,R032,675
KA29843,Sunex,NEXUS M EVI 35,23,6400,5175,R032,675
KA29844,Sunex,NEXUS M EVI 8,6,2575,1350,R032,675
KA29845,Sunex,NEXUS M14 Pro,9,3250,2025,R290 (Propaan),3
KA29846,Sunex,NEXUS M17 Pro,12,3925,2700,R290 (Propaan),3
KA29847,Sunex,NEXUS M9 Pro,6,2375,1350,R290 (Propaan),3
KA29848,Sunex,NEXUS Split S10 EVI,7,2800,1575,R410A,2088
KA29849,Sunex,NEXUS Split S17 EVI,11,3700,2475,R410A,2088
KA29850,Sunex,WEBER Monoblok HT 12kW EVI,8,2825,1800,R032,675
KA29015,Sunrain,SMHP-006C1,5,2350,1125,R290 (Propaan),3
KA29016,Sunrain,SMHP-008C3,7,2800,1575,R290 (Propaan),3
KA29297,TC Swiss,Ecoline FPFZ008,8,3025,1800,R290 (Propaan),3
KA29298,TC Swiss,Ecoline FPFZ010,10,3475,2250,R290 (Propaan),3
KA29299,TC Swiss,Ecoline FPFZ012,12,3925,2700,R290 (Propaan),3
KA29300,TC Swiss,Ecoline FPFZ014,13,4150,2925,R290 (Propaan),3
KA29301,TC Swiss,Ecoline FPFZ016,14,4375,3150,R290 (Propaan),3
KA30896,TC Swiss,Elite HMS06 +All In One T1,5,2350,1125,R290 (Propaan),3
KA30897,TC Swiss,Elite HMS06 +Elite IU,5,2350,1125,R290 (Propaan),3
KA30898,TC Swiss,Elite HMS08 +All In One T1,7,2800,1575,R290 (Propaan),3
KA30899,TC Swiss,Elite HMS08 +Elite IU,7,2800,1575,R290 (Propaan),3
KA30900,TC Swiss,Elite HMS10 +All In One T1,9,3250,2025,R290 (Propaan),3
KA30901,TC Swiss,Elite HMS10 +Elite IU,9,3250,2025,R290 (Propaan),3
KA30902,TC Swiss,Elite HMS10T +All In One T2,9,3250,2025,R290 (Propaan),3
KA30903,TC Swiss,Elite HMS10T +Elite IUT1,9,3250,2025,R290 (Propaan),3
KA30904,TC Swiss,Elite HMS12 +All In One T1,11,3700,2475,R290 (Propaan),3
KA30905,TC Swiss,Elite HMS12 +Elite IU,11,3700,2475,R290 (Propaan),3
KA30906,TC Swiss,Elite HMS12T +All In One T2,11,3700,2475,R290 (Propaan),3
KA30907,TC Swiss,Elite HMS12T +Elite IUT1,11,3700,2475,R290 (Propaan),3
KA30908,TC Swiss,Elite HMS14T +All In One T2,12,3925,2700,R290 (Propaan),3
KA30909,TC Swiss,Elite HMS14T +Elite IUT2,12,3925,2700,R290 (Propaan),3
KA30910,TC Swiss,Elite HMS16T +All In One T2,14,4375,3150,R290 (Propaan),3
KA30911,TC Swiss,Elite HMS16T +Elite IUT2,14,4375,3150,R290 (Propaan),3
KA25026,TC Swiss,GT14,11,3700,2475,R290 (Propaan),3
KA25027,TC Swiss,GT8,8,3025,1800,R290 (Propaan),3
KA27008,TCL,SMKL-10D/HBp-B / THF-10D/HBpO-B,8,3025,1800,R032,675
KA27009,TCL,SMKL-10D/HBp-B / THF-8D/HBpO-B,7,2800,1575,R032,675
KA27010,TCL,SMKL-16D/HBp-A / THF-12D/HBpO-A,11,3700,2475,R032,675
KA27011,TCL,SMKL-16D/HBp-A / THF-12S/HBpO-A,11,3700,2475,R032,675
KA27012,TCL,SMKL-16D/HBp-A / THF-14D/HBpO-A,12,3925,2700,R032,675
KA27014,TCL,SMKL-16D/HBp-A / THF-16D/HBpO-A,13,4150,2925,R032,675
KA27016,TCL,SMKL-6D/HBp-B / THF-4D/HBpO-A,5,2350,1125,R032,675
KA27017,TCL,SMKL-6D/HBp-B / THF-6D/HBpO-A,6,2575,1350,R032,675
KA27018,TCL,THML-10D/HBp-A,8,3025,1800,R032,675
KA27019,TCL,THML-12D/HBp-A,11,3700,2475,R032,675
KA27020,TCL,THML-12S/HBp-A,11,3700,2475,R032,675
KA27021,TCL,THML-14D/HBp-A,12,3925,2700,R032,675
KA27022,TCL,THML-14S/HBp-A,12,3925,2700,R032,675
KA27023,TCL,THML-16D/HBp-A,13,4150,2925,R032,675
KA27024,TCL,THML-16S/HBp-A,13,4150,2925,R032,675
KA27403,TCL,THML-4D/HBp-A,5,2350,1125,R032,675
KA27404,TCL,THML-6D/HBp-A,6,2575,1350,R032,675
KA27025,TCL,THML-8D/HBp-A,7,2800,1575,R032,675
KA31017,TCL,THMLd-10D/3FBp-A,8,3025,1800,R290 (Propaan),3
KA31018,TCL,THMLd-12D/3FBp-A,11,3700,2475,R290 (Propaan),3
KA31019,TCL,THMLd-12S/9FBp-A,11,3700,2475,R290 (Propaan),3
KA31020,TCL,THMLd-14D/3FBp-A,13,4150,2925,R290 (Propaan),3
KA31021,TCL,THMLd-14S/9FBp-A,13,4150,2925,R290 (Propaan),3
KA31022,TCL,THMLd-16D/3FBP-A,14,4375,3150,R290 (Propaan),3
KA31023,TCL,THMLd-16S/9FBp-A,14,4375,3150,R290 (Propaan),3
KA31024,TCL,THMLd-4D/3FBp-A,5,2350,1125,R290 (Propaan),3
KA31025,TCL,THMLd-6D/3FBp-A,6,2575,1350,R290 (Propaan),3
KA31026,TCL,THMLd-8D/3FBP-A,7,2800,1575,R290 (Propaan),3
KA21116,TEC,AS20 Monoblock (R410A),17,4850,3825,R410A,2088
KA26462,TEC,HS06,4,2125,900,R290 (Propaan),3
KA26463,TEC,HS08,6,2575,1350,R290 (Propaan),3
KA24977,TEC,HS10 Monoblock,6,2575,1350,R290 (Propaan),3
KA28113,TEC,HS12,8,2825,1800,R290 (Propaan),3
KA26464,TEC,HS15,11,3700,2475,R290 (Propaan),3
KA30956,TEC,HS22,15,4400,3375,R290 (Propaan),3
KA24978,TEC,QRS11 Split,8,2825,1800,R032,675
KA24979,TEC,QRS7 Split,4,1925,900,R032,675
KA26274,TEC,RS04 (R32),3,1700,675,R032,675
KA19568,TEC,RS07V/LF,4,1925,900,R032,675
KA19569,TEC,RS11V/LF,8,2825,1800,R032,675
KA31707,Tekno Point Italia,VAIA-09V1,6,2575,1350,R032,675
KA29667,Templari,Kita LP-22,15,4600,3375,R290 (Propaan),3
KA29668,Templari,Kita LP-26,19,5500,4275,R290 (Propaan),3
KA29669,Templari,Kita LP-28,20,5725,4500,R290 (Propaan),3
KA29670,Templari,Kita LP-32,23,6400,5175,R290 (Propaan),3
KA29671,Templari,Kita LP-35,25,6850,5625,R290 (Propaan),3
KA29672,Templari,Kita LP-40,28,7525,6300,R290 (Propaan),3
KA29673,Templari,Kita LR-35,27,7300,6075,R032,675
KA29674,Templari,Kita LR-PLUS-45,25,6850,5625,R032,675
KA28661,Templari,Kita MP 14,10,3475,2250,R290 (Propaan),3
KA28662,Templari,Kita MP 16,11,3700,2475,R290 (Propaan),3
KA28663,Templari,Kita MP 18,13,4150,2925,R290 (Propaan),3
KA28664,Templari,Kita MP 20,16,4825,3600,R290 (Propaan),3
KA28665,Templari,Kita SP 10,7,2800,1575,R290 (Propaan),3
KA28666,Templari,Kita SP 12,11,3700,2475,R290 (Propaan),3
KA28667,Templari,Kita SP 8,6,2575,1350,R290 (Propaan),3
KA28668,Templari,Kita XS 7.5,5,2350,1125,R290 (Propaan),3
KA28669,Templari,Kita XS 9,6,2575,1350,R290 (Propaan),3
KA28976,Thercon,THERMA TCC06X-S / TOC05RIX (024338 / WOYA060KLT),5,2350,1125,R032,675
KA28977,Thercon,THERMA TCC08X-S / TOC08RIX (024338 / WOYA080KLT),6,2575,1350,R032,675
KA28978,Thercon,THERMA TCC11X-S / TOC11RIX (024339 / WOYA100KLT),8,3025,1800,R032,675
KA28979,Thercon,THERMA TCD03X / TOC05RIX (024334 / WOYA060KLT),4,2125,900,R032,675
KA28980,Thercon,THERMA TCD05X / TOC05RIX (024335 / WOYA060KLT),5,2350,1125,R032,675
KA28981,Thercon,THERMA TCD06X / TOC05RIX (024336 / WOYA060KLT),5,2350,1125,R032,675
KA28982,Thercon,THERMA TCD08X / TOC08RIX (024336 / WOYA080KLT),6,2575,1350,R032,675
KA28983,Thercon,THERMA TCD11X / TOC11RIX (024337 / WOYA100KLT),8,3025,1800,R032,675
KA28984,Thercon,THERMA TCDM03X / TOC05RIX (024167+904557 / WOYA060KLT),4,2125,900,R032,675
KA28985,Thercon,THERMA TCDM05X / TOC05RIX (024168+904557 / WOYA060KLT),5,2350,1125,R032,675
KA28986,Thercon,THERMA TCDM06X / TOC05RIX (024169+904557 / WOYA060KLT),5,2350,1125,R032,675
KA28987,Thercon,THERMA TCDXL05X / TOC05RIX (024340 / WOYA060KLT),5,2350,1125,R032,675
KA28988,Thercon,THERMA TCDXL06X / TOC05RIX (024341 / WOYA060KLT),5,2350,1125,R032,675
KA28989,Thercon,THERMA TCDXL08X / TOC08RIX (024341 / WOYA080KLT),6,2575,1350,R032,675
KA28990,Thercon,THERMA TCDXL11X / TOC11RIX (024342 / WOYA100KLT),8,3025,1800,R032,675
KA21580,Thermastage,Thermastage Compact Combi 06 R32,5,2350,1125,R032,675
KA21586,Thermastage,Thermastage Compact Duo 08 R32,6,2575,1350,R032,675
KA24912,Thermastage,Thermastge Compact Duo XL 05 R32,5,2350,1125,R032,675
KA21185,Thermia,Athena 14HC,10,3275,2250,R410A,2088
KA21187,Thermia,Athena 18HC,13,3950,2925,R410A,2088
KA17835,Thermia,iTec 5 Eco SP,5,2350,1125,R032,675
KA17986,Thermia,iTec 8 Eco,7,2800,1575,R032,675
KA27869,Thermia,iTec XT 10 230V SP,8,3025,1800,R032,675
KA27870,Thermia,iTec XT 10 400V,8,3025,1800,R032,675
KA27871,Thermia,iTec XT 14 230V SP,11,3700,2475,R032,675
KA27872,Thermia,iTec XT 14 400V,11,3700,2475,R032,675
KA27873,Thermia,iTec XT 16 230V SP,12,3925,2700,R032,675
KA27874,Thermia,iTec XT 16 400V,12,3925,2700,R032,675
KA30040,Thermia,iTec XTR-L 230V,11,3700,2475,R290 (Propaan),3
KA30041,Thermia,iTec XTR-L 400V,11,3700,2475,R290 (Propaan),3
KA30042,Thermia,iTec XTR-M 230V,7,2800,1575,R290 (Propaan),3
KA30043,Thermia,iTec XTR-M 400V,7,2800,1575,R290 (Propaan),3
KA30044,Thermia,iTec XTR-S 230V,5,2350,1125,R290 (Propaan),3
KA30045,Thermia,iTec XTR-XL 400V,14,4375,3150,R290 (Propaan),3
KA20612,Thermics Energie,Luna 8,6,2375,1350,R410A,2088
KA30447,Thermoflux,MONOBLOCK TF15 R290 CT 220V,9,3250,2025,R290 (Propaan),3
KA30448,Thermoflux,MONOBLOCK TF15 R290 CT 400V,9,3250,2025,R290 (Propaan),3
KA30449,Thermoflux,MONOBLOCK TF18 R290 CT 220V,11,3700,2475,R290 (Propaan),3
KA30450,Thermoflux,MONOBLOCK TF18 R290 CT 400V,11,3700,2475,R290 (Propaan),3
KA22182,Thermoflux,MONOBLOK TF10DC 220V,6,2575,1350,R410A,2088
KA22183,Thermoflux,MONOBLOK TF13DC 220V,8,3025,1800,R410A,2088
KA22962,Thermoflux,MONOBLOK TF17DC 380V,10,3475,2250,R410A,2088
KA22965,Thermoflux,MONOBLOK TF32DC 380V,16,4825,3600,R410A,2088
KA27033,Thermoflux,TF06EVI R32 CT 220V,3,1900,675,R032,675
KA27034,Thermoflux,TF10EVI R32 CT 220V,7,2800,1575,R032,675
KA27035,Thermoflux,TF12EVI R32 CT 220V,7,2600,1575,R032,675
KA27036,Thermoflux,TF16EVI R32 CT 400V,9,3250,2025,R032,675
KA27037,Thermoflux,TF20EVI R32 CT 400V,11,3700,2475,R032,675
KA27038,Thermoflux,TF22EVI R32 CT 400V,12,3725,2700,R032,675
KA32119,Thervio,THV-006 F1,5,2350,1125,R290 (Propaan),3
KA32120,Thervio,THV-008 F1,7,2800,1575,R290 (Propaan),3
KA32121,Thervio,THV-012 F1,9,3250,2025,R290 (Propaan),3
KA32122,Thervio,THV-018 F1,14,4375,3150,R290 (Propaan),3
KA30455,Toshiba,HWP-1001H8W-E + HWP-1601F19ST8W-E,9,3250,2025,R290 (Propaan),3
KA30456,Toshiba,HWP-1001H8W-E + HWP-1601XWHT8W-E,9,3250,2025,R290 (Propaan),3
KA30457,Toshiba,HWP-1001HW-E + HWP-1601F19ST8W-E,9,3250,2025,R290 (Propaan),3
KA30458,Toshiba,HWP-1001HW-E + HWP-1601XWHT8W-E,9,3250,2025,R290 (Propaan),3
KA30459,Toshiba,HWP-1301H8W-E + HWP-1601F19ST8W-E,11,3700,2475,R290 (Propaan),3
KA30460,Toshiba,HWP-1301H8W-E + HWP-1601XWHT8W-E,11,3700,2475,R290 (Propaan),3
KA30461,Toshiba,HWP-1301HW-E + HWP-1601F19ST8W-E,11,3700,2475,R290 (Propaan),3
KA30462,Toshiba,HWP-1301HW-E + HWP-1601XWHT8W-E,11,3700,2475,R290 (Propaan),3
KA30463,Toshiba,HWP-1601H8W-E + HWP-1601F19ST8W-E,12,3925,2700,R290 (Propaan),3
KA30464,Toshiba,HWP-1601H8W-E + HWP-1601XWHT8W-E,12,3925,2700,R290 (Propaan),3
KA30465,Toshiba,HWP-1601HW-E + HWP-1601F19ST8W-E,12,3925,2700,R290 (Propaan),3
KA30466,Toshiba,HWP-1601HW-E + HWP-1601XWHT8W-E,12,3925,2700,R290 (Propaan),3
KA30467,Toshiba,HWP-401HW-E + HWP-1601F19ST8W-E,4,2125,900,R290 (Propaan),3
KA30468,Toshiba,HWP-401HW-E + HWP-1601XWHT8W-E,4,2125,900,R290 (Propaan),3
KA30469,Toshiba,HWP-601HW-E + HWP-1601F19ST8W-E,5,2350,1125,R290 (Propaan),3
KA30470,Toshiba,HWP-601HW-E + HWP-1601XWHT8W-E,5,2350,1125,R290 (Propaan),3
KA30471,Toshiba,HWP-801HW-E + HWP-1601F19ST8W-E,6,2575,1350,R290 (Propaan),3
KA30472,Toshiba,HWP-801HW-E + HWP-1601XWHT8W-E,6,2575,1350,R290 (Propaan),3
KA24572,Toshiba,HWT-1101H8W-E/HWT-1101XWHM3W-E,14,4375,3150,R032,675
KA24573,Toshiba,HWT-1101H8W-E/HWT-1102S21SM3W-E,14,4375,3150,R032,675
KA19950,Toshiba,HWT-1101HW-E / HWT-1101F21S**W-E,7,2600,1575,R032,675
KA19951,Toshiba,HWT-1101HW-E / HWT-1101XWH*W-E,8,3025,1800,R032,675
KA24574,Toshiba,HWT-1101HW-E/HWT-1102S21SM3W-E,9,3250,2025,R032,675
KA25812,Toshiba,HWT-1401H8W-E / HWT-1401XWHM3W-E,10,3475,2250,R032,675
KA25813,Toshiba,HWT-1401H8W-E/HWT-1402S21SM3W-E,10,3475,2250,R032,675
KA25814,Toshiba,HWT-1401HW-E / HWT-1401XWHM3W-E,11,3500,2475,R032,675
KA25815,Toshiba,HWT-1401HW-E/HWT-1402S21SM3W-E,10,3475,2250,R032,675
KA19952,Toshiba,HWT-401HW-E / HWT-601F21S**W-E,4,1925,900,R032,675
KA19953,Toshiba,HWT-401HW-E / HWT-601XWHM*W-E,4,2125,900,R032,675
KA24578,Toshiba,HWT-401HW-E/HWT-602S21SM3W-E,5,2350,1125,R032,675
KA19954,Toshiba,HWT-601HW-E / HWT-601F21S**W-E,5,2150,1125,R032,675
KA19955,Toshiba,HWT-601HW-E / HWT-601XWHM*W-E,5,2350,1125,R032,675
KA24579,Toshiba,HWT-601HW-E/HWT-602S21SM3W-E,6,2575,1350,R032,675
KA24580,Toshiba,HWT-801H8W-E/ HWT-1102S21SM3W-E,8,3025,1800,R032,675
KA24581,Toshiba,HWT-801H8W-E/HWT-1101XWHM3W-E,8,3025,1800,R032,675
KA19956,Toshiba,HWT-801HW-E / HWT-1101F21S**W-E,7,2600,1575,R032,675
KA19957,Toshiba,HWT-801HW-E / HWT-1101XWHM*W-E,7,2800,1575,R032,675
KA24582,Toshiba,HWT-801HW-E/ HWT-1102S21SM3W-E,8,3025,1800,R032,675
KA22523,Tosot,TH-V06EM1,5,2350,1125,R032,675
KA30436,Tosot,TH-V06EM1-R,5,2350,1125,R290 (Propaan),3
KA22524,Tosot,TH-V08EM1,8,2825,1800,R032,675
KA30273,Tosot,TH-V08EM1-R,7,2800,1575,R290 (Propaan),3
KA30437,Tosot,TH-V10EM3-R,8,3025,1800,R290 (Propaan),3
KA22519,Tosot,TH-V10ME3,9,3050,2025,R032,675
KA22520,Tosot,TH-V12EM3,11,3700,2475,R032,675
KA30274,Tosot,TH-V12EM3-R,11,3700,2475,R290 (Propaan),3
KA22521,Tosot,TH-V14EM3,12,3925,2700,R032,675
KA30275,Tosot,TH-V14EM3-R,12,3725,2700,R290 (Propaan),3
KA22522,Tosot,TH-V16EM3,12,3925,2700,R032,675
KA30438,Tosot,TH-V16EM3-R,12,3925,2700,R290 (Propaan),3
KA30276,Trane,CXC 007,17,4850,3825,R454B,466
KA30277,Trane,CXC 007 XLN,17,4850,3825,R454B,466
KA30278,Trane,CXC 009,21,5750,4725,R454B,466
KA30279,Trane,CXC 009 XLN,21,5750,4725,R454B,466
KA30280,Trane,CXC 013,34,8675,7650,R454B,466
KA30281,Trane,CXC 013 XLN,34,8675,7650,R454B,466
KA30282,Trane,CXC 017,43,10700,9675,R454B,466
KA30283,Trane,CXC 017 XLN,43,10700,9675,R454B,466
KA30289,Trane,LEAF 010,25,6650,5625,R290 (Propaan),3
KA30290,Trane,LEAF 010 LN,25,6650,5625,R290 (Propaan),3
KA30291,Trane,LEAF 010 XLN,25,6650,5625,R290 (Propaan),3
KA30292,Trane,LEAF 012,29,7550,6525,R290 (Propaan),3
KA30293,Trane,LEAF 012 LN,29,7550,6525,R290 (Propaan),3
KA30294,Trane,LEAF 012 XLN,29,7550,6525,R290 (Propaan),3
KA30295,Trane,LEAF 014,33,8450,7425,R290 (Propaan),3
KA30296,Trane,LEAF 014 LN,33,8450,7425,R290 (Propaan),3
KA30297,Trane,LEAF 014 XLN,33,8450,7425,R290 (Propaan),3
KA30298,Trane,LEAF 016,38,9575,8550,R290 (Propaan),3
KA30299,Trane,LEAF 016 LN,38,9575,8550,R290 (Propaan),3
KA30300,Trane,LEAF 016 XLN,38,9575,8550,R290 (Propaan),3
KA30301,Trane,LEAF 019,45,11150,10125,R290 (Propaan),3
KA30302,Trane,LEAF 019 LN,45,11150,10125,R290 (Propaan),3
KA30303,Trane,LEAF 019 XLN,45,11150,10125,R290 (Propaan),3
KA29099,Trane,LEAF IPHP 002,5,2350,1125,R290 (Propaan),3
KA29100,Trane,LEAF IPHP 004,9,3250,2025,R290 (Propaan),3
KA29101,Trane,LEAF IPHP 006,13,4150,2925,R290 (Propaan),3
KA29102,Trane,LEAF IPHP 008,18,5275,4050,R290 (Propaan),3
KA27385,Tulip Wise,Tulip Next 12.3,9,3250,2025,R290 (Propaan),3
KA27386,Tulip Wise,Tulip Next 18.3,15,4400,3375,R290 (Propaan),3
KA27387,Tulip Wise,Tulip Next 50.3,31,8000,6975,R290 (Propaan),3
KA27388,Tulip Wise,Tulip Next 6.1,5,2350,1125,R290 (Propaan),3
KA17541,Vaillant,aroTHERM plus VWL 105/6 A 400V,9,3250,2025,R290 (Propaan),3
KA32099,Vaillant,aroTHERM plus VWL 105/8.1 A 400V,11,3700,2475,R290 (Propaan),3
KA32100,Vaillant,aroTHERM plus VWL 115/7.1 A,11,3700,2475,R290 (Propaan),3
KA16911,Vaillant,aroTHERM plus VWL 125/6 A 400V,11,3700,2475,R290 (Propaan),3
KA32101,Vaillant,aroTHERM plus VWL 125/8.1 A 400V,12,3925,2700,R290 (Propaan),3
KA17542,Vaillant,aroTHERM plus VWL 35/6 A 230V,4,2125,900,R290 (Propaan),3
KA32102,Vaillant,aroTHERM plus VWL 35/8.1 A 230V,5,2350,1125,R290 (Propaan),3
KA16912,Vaillant,aroTHERM plus VWL 55/6 A 230V,4,2125,900,R290 (Propaan),3
KA32103,Vaillant,aroTHERM plus VWL 55/7.1 A 230V,5,2350,1125,R290 (Propaan),3
KA32104,Vaillant,aroTHERM plus VWL 55/8.1 A 230V,6,2575,1350,R290 (Propaan),3
KA17543,Vaillant,aroTHERM plus VWL 65/6 A 230V,5,2350,1125,R290 (Propaan),3
KA16913,Vaillant,aroTHERM plus VWL 75/6 A 230V,6,2575,1350,R290 (Propaan),3
KA32105,Vaillant,aroTHERM plus VWL 75/7.1 A 230V,7,2800,1575,R290 (Propaan),3
KA32106,Vaillant,aroTHERM plus VWL 75/8.1 A 230V,7,2800,1575,R290 (Propaan),3
KA23516,Vaillant,aroTHERM pure VWL 105/7.2 AS + VWL 107/7.2 IS,7,2800,1575,R032,675
KA23517,Vaillant,aroTHERM pure VWL 105/7.2 AS + VWL 107/7.2 IS S1,7,2800,1575,R032,675
KA23518,Vaillant,aroTHERM pure VWL 105/7.2 AS + VWL 108/7.2 IS S5,7,2800,1575,R032,675
KA23519,Vaillant,aroTHERM pure VWL 45/7.2 AS + VWL 107/7.2 IS,5,2150,1125,R032,675
KA23520,Vaillant,aroTHERM pure VWL 45/7.2 AS + VWL 107/7.2 IS S1,4,2125,900,R032,675
KA23521,Vaillant,aroTHERM pure VWL 45/7.2 AS + VWL 108/7.2 IS S5,5,2150,1125,R032,675
KA23522,Vaillant,aroTHERM pure VWL 65/7.2 AS + VWL 107/7.2 IS,5,2150,1125,R032,675
KA23523,Vaillant,aroTHERM pure VWL 65/7.2 AS + VWL 107/7.2 IS S1,4,2125,900,R032,675
KA23524,Vaillant,aroTHERM pure VWL 65/7.2 AS + VWL 108/7.2 IS S5,5,2150,1125,R032,675
KA23525,Vaillant,aroTHERM pure VWL 85/7.2 AS + VWL 107/7.2 IS,7,2800,1575,R032,675
KA23526,Vaillant,aroTHERM pure VWL 85/7.2 AS + VWL 107/7.2 IS S1,7,2600,1575,R032,675
KA23527,Vaillant,aroTHERM pure VWL 85/7.2 AS + VWL 108/7.2 IS S5,7,2800,1575,R032,675
KA28828,Vaillant,aroTHERM Split plus VWL 35/8.2 AS 230V + VWL 57/8.2 IS (S1),3,1900,675,R032,675
KA28829,Vaillant,aroTHERM Split plus VWL 35/8.2 AS 230V + VWL 58/8.2 IS (S5),3,1900,675,R032,675
KA28830,Vaillant,aroTHERM Split plus VWL 35/8.2 AS 230V + VWL 58/8.2 IS C2,3,1700,675,R032,675
KA28831,Vaillant,aroTHERM Split plus VWL 55/8.2 AS 230V + VWL 57/8.2 IS (S1),4,2125,900,R032,675
KA28832,Vaillant,aroTHERM Split plus VWL 55/8.2 AS 230V + VWL 58/8.2 IS (S5),4,2125,900,R032,675
KA28833,Vaillant,aroTHERM Split plus VWL 55/8.2 AS 230V + VWL 58/8.2 IS C2,4,2125,900,R032,675
KA28834,Vaillant,aroTHERM Split plus VWL 75/8.2 AS 230V + VWL 77/8.2 IS (S1),6,2575,1350,R032,675
KA28835,Vaillant,aroTHERM Split plus VWL 75/8.2 AS 230V + VWL 78/8.2 IS (S5),6,2575,1350,R032,675
KA28836,Vaillant,aroTHERM Split plus VWL 75/8.2 AS 230V + VWL 78/8.2 IS C2,6,2575,1350,R032,675
KA14409,Vaillant,aroTHERM split VWL 105/5 AS 400V + VWL 127/5 IS,10,3475,2250,R410A,2088
KA14408,Vaillant,aroTHERM split VWL 105/5 AS 400V + VWL 128/5 IS,10,3475,2250,R410A,2088
KA14411,Vaillant,aroTHERM split VWL 125/5 AS 400V + VWL 127/5 IS,12,3925,2700,R410A,2088
KA14410,Vaillant,aroTHERM split VWL 125/5 AS 400V + VWL 128/5 IS,12,3925,2700,R410A,2088
KA01693,Vaillant,aroTHERM VWL 155/2 A (0010016413),9,3050,2025,R410A,2088
KA01687,Vaillant,aroTHERM VWL 55/2 A (0010016408),5,2150,1125,R410A,2088
KA09558,Vaillant,aroTHERM VWL 55/3 A,5,2150,1125,R410A,2088
KA01689,Vaillant,aroTHERM VWL 85/2 A (0010016409),6,2375,1350,R410A,2088
KA09560,Vaillant,aroTHERM VWL 85/3 A,7,2800,1575,R410A,2088
KA01664,Vaillant,flexoTHERM VWF 197/4 + 2x VWL 11/4 SA (0010016681),16,4625,3600,R410A,2088
KA32236,Vasco,X-change dynamic eco m (11HP20002),9,3250,2025,R290 (Propaan),3
KA28399,Viessmann,"VITOCAL 150-A AWO-E-AC, 400 V, 151-A.10",9,3250,2025,R290 (Propaan),3
KA28423,Viessmann,"VITOCAL 150-A AWO-E-AC, 400 V, 151-A.13",11,3700,2475,R290 (Propaan),3
KA28310,Viessmann,"VITOCAL 150-A AWO-E-AC, 400 V, 151-A.16",12,3925,2700,R290 (Propaan),3
KA28424,Viessmann,"VITOCAL 150-A AWO-M-E-AC, 230 V, 151-A.04",4,2125,900,R290 (Propaan),3
KA28308,Viessmann,"VITOCAL 150-A AWO-M-E-AC, 230 V, 151-A.06",5,2350,1125,R290 (Propaan),3
KA28365,Viessmann,"VITOCAL 150-A AWO-M-E-AC, 230 V, 151-A.08",6,2575,1350,R290 (Propaan),3
KA28425,Viessmann,"VITOCAL 151-A AWOT-E-AC, 400 V, 151-A.10",9,3250,2025,R290 (Propaan),3
KA28426,Viessmann,"VITOCAL 151-A AWOT-E-AC, 400 V, 151-A.13",11,3700,2475,R290 (Propaan),3
KA28368,Viessmann,"VITOCAL 151-A AWOT-E-AC, 400 V, 151-A.16",12,3925,2700,R290 (Propaan),3
KA28427,Viessmann,"VITOCAL 151-A AWOT-M-E-AC, 230 V,151-A.04",4,2125,900,R290 (Propaan),3
KA28428,Viessmann,"VITOCAL 151-A AWOT-M-E-AC, 230 V,151-A.06",5,2350,1125,R290 (Propaan),3
KA28309,Viessmann,"VITOCAL 151-A AWOT-M-E-AC, 230 V,151-A.08",6,2575,1350,R290 (Propaan),3
KA26022,Viessmann,Vitocal 200-S AWB 201 E06,6,2575,1350,R032,675
KA26083,Viessmann,Vitocal 200-S AWB 201 E08,7,2800,1575,R032,675
KA26084,Viessmann,Vitocal 200-S AWB 201 E10,8,3025,1800,R032,675
KA11742,Viessmann,Vitocal 200-S AWB 201.D13,10,3475,2250,R410A,2088
KA11743,Viessmann,Vitocal 200-S AWB 201.D16,11,3700,2475,R410A,2088
KA11236,Viessmann,Vitocal 200-S AWB-E 201.D10,9,3250,2025,R410A,2088
KA11237,Viessmann,Vitocal 200-S AWB-E 201.D13,10,3475,2250,R410A,2088
KA11238,Viessmann,Vitocal 200-S AWB-E 201.D16,11,3700,2475,R410A,2088
KA11244,Viessmann,Vitocal 200-S AWB-E-AC 201.D10,9,3250,2025,R410A,2088
KA11245,Viessmann,Vitocal 200-S AWB-E-AC 201.D13,10,3475,2250,R410A,2088
KA11246,Viessmann,Vitocal 200-S AWB-E-AC 201.D16,11,3700,2475,R410A,2088
KA11241,Viessmann,Vitocal 200-S AWB-M-E-AC 201.D10,8,3025,1800,R410A,2088
KA26085,Viessmann,Vitocal 221-S AWB 221 E08,7,2800,1575,R032,675
KA26086,Viessmann,Vitocal 221-S AWB 221 E10,8,3025,1800,R032,675
KA14377,Viessmann,Vitocal 222-A AWOT-E 221.A10,9,3250,2025,R410A,2088
KA14379,Viessmann,Vitocal 222-A AWOT-E 221.A16,11,3500,2475,R410A,2088
KA14384,Viessmann,Vitocal 222-A AWOT-E-AC 221.A10,9,3250,2025,R410A,2088
KA14385,Viessmann,Vitocal 222-A AWOT-E-AC 221.A13,10,3475,2250,R410A,2088
KA14386,Viessmann,Vitocal 222-A AWOT-E-AC 221.A16,11,3500,2475,R410A,2088
KA14373,Viessmann,Vitocal 222-A AWOT-M-E 221.A04,5,2150,1125,R410A,2088
KA14374,Viessmann,Vitocal 222-A AWOT-M-E 221.A06,5,2150,1125,R410A,2088
KA14375,Viessmann,Vitocal 222-A AWOT-M-E 221.A08,6,2575,1350,R410A,2088
KA14376,Viessmann,Vitocal 222-A AWOT-M-E 221.A10,8,3025,1800,R410A,2088
KA14380,Viessmann,Vitocal 222-A AWOT-M-E-AC 221.A04,5,2150,1125,R410A,2088
KA14381,Viessmann,Vitocal 222-A AWOT-M-E-AC 221.A06,5,2150,1125,R410A,2088
KA14382,Viessmann,Vitocal 222-A AWOT-M-E-AC 221.A08,6,2575,1350,R410A,2088
KA14383,Viessmann,Vitocal 222-A AWOT-M-E-AC 221.A10,8,3025,1800,R410A,2088
KA11763,Viessmann,Vitocal 222-S AWB-E-AC 221.C13,10,3475,2250,R410A,2088
KA11595,Viessmann,Vitocal 222-S AWBT-E 221.C10,9,3250,2025,R410A,2088
KA11602,Viessmann,Vitocal 222-S AWBT-E-AC 221.C10,9,3250,2025,R410A,2088
KA11603,Viessmann,Vitocal 222-S AWBT-E-AC 221.C13,10,3475,2250,R410A,2088
KA11604,Viessmann,Vitocal 222-S AWBT-E-AC 221.C16,11,3700,2475,R410A,2088
KA11601,Viessmann,Vitocal 222-S AWBT-M-E-AC 221.C10,8,3025,1800,R410A,2088
KA25924,Viessmann,vitocal 222-S AWBT-M-E-AC 221.E06,6,2575,1350,R032,675
KA22155,Viessmann,Vitocal 250 A AWO251.A10,9,3250,2025,R290 (Propaan),3
KA22156,Viessmann,Vitocal 250 A AWO251.A13,11,3700,2475,R290 (Propaan),3
KA22157,Viessmann,Vitocal 250 A HAWO252.A10,9,3250,2025,R290 (Propaan),3
KA22158,Viessmann,Vitocal 250 A HAWO252.A13,11,3700,2475,R290 (Propaan),3
KA28429,Viessmann,"VITOCAL 250-A AWO-E-AC 251.A16, 400 V",12,3925,2700,R290 (Propaan),3
KA28430,Viessmann,"VITOCAL 250-A AWO-E-AC 251.A19, 400 V",12,3925,2700,R290 (Propaan),3
KA28431,Viessmann,"VITOCAL 250-A AWO-M-E-AC 251.A04, 230 V",4,2125,900,R290 (Propaan),3
KA28432,Viessmann,"VITOCAL 250-A AWO-M-E-AC 251.A06, 230 V",5,2350,1125,R290 (Propaan),3
KA28388,Viessmann,"VITOCAL 250-A AWO-M-E-AC 251.A08, 230 V",6,2575,1350,R290 (Propaan),3
KA28433,Viessmann,"VITOCAL 250-AH HAWO-M-AC 252.A04, 230 V",4,2125,900,R290 (Propaan),3
KA28434,Viessmann,"VITOCAL 250-AH HAWO-M-AC 252.A06, 230 V",5,2350,1125,R290 (Propaan),3
KA28435,Viessmann,"VITOCAL 250-AH HAWO-M-AC 252.A08, 230 V",6,2575,1350,R290 (Propaan),3
KA28436,Viessmann,"VITOCAL 250-AH HAWO-M-AC 252.A16, 400 V",12,3925,2700,R290 (Propaan),3
KA28437,Viessmann,"VITOCAL 250-AH HAWO-M-AC 252.A19, 400 V",12,3925,2700,R290 (Propaan),3
KA22159,Viessmann,Vitocal 252 A AWOT251.A10,9,3250,2025,R290 (Propaan),3
KA22160,Viessmann,Vitocal 252 A AWOT251.A13,11,3700,2475,R290 (Propaan),3
KA28438,Viessmann,"VITOCAL 252-A AWO-E-AC 251.A16, 400 V",12,3925,2700,R290 (Propaan),3
KA28439,Viessmann,"VITOCAL 252-A AWO-E-AC 251.A19, 400 V",12,3925,2700,R290 (Propaan),3
KA28440,Viessmann,"VITOCAL 252-A AWOT-M-E-AC 251.A04, 230 V",4,2125,900,R290 (Propaan),3
KA28441,Viessmann,"VITOCAL 252-A AWOT-M-E-AC 251.A06, 230 V",5,2350,1125,R290 (Propaan),3
KA28442,Viessmann,"VITOCAL 252-A AWOT-M-E-AC 251.A08, 230 V",6,2575,1350,R290 (Propaan),3
KA26471,VIVAX,HPM-14CH40AERIs R32-1H3 monoblock,5,2350,1125,R032,675
KA26472,VIVAX,HPM-22CH65AERIs R32-1H3 monoblock,6,2575,1350,R032,675
KA31240,VIVAX,HPM-28CH84AENA R290-1,7,2800,1575,R290 (Propaan),3
KA26473,VIVAX,HPM-28CH84AERIs R32-1H3 monoblock,7,2800,1575,R032,675
KA31241,VIVAX,HPM-34CH100AENA R290-1,9,3250,2025,R290 (Propaan),3
KA26474,VIVAX,HPM-34CH100AERIs R32-1H3 monoblock,8,3025,1800,R032,675
KA31242,VIVAX,HPM-41CH120AENA R290-3,11,3700,2475,R290 (Propaan),3
KA26475,VIVAX,HPM-41CH120AERIs R32-3H9 monoblock,11,3700,2475,R032,675
KA31243,VIVAX,HPM-48CH140AENA R290-3,12,3925,2700,R290 (Propaan),3
KA26476,VIVAX,HPM-48CH140AERIs R32-3H9 monoblock,12,3925,2700,R032,675
KA31244,VIVAX,HPM-53CH155AENA R290-3,13,4150,2925,R290 (Propaan),3
KA26477,VIVAX,HPM-53CH155AERIs R32-3H9 monoblock,13,4150,2925,R032,675
KA26478,VIVAX,HPS-22CH65AERI/O1s R32 split,6,2575,1350,R032,675
KA26479,VIVAX,HPS-28CH84AERI/O1s R32 split,7,2800,1575,R032,675
KA26480,VIVAX,HPS-34CH100AERI/O1s R32 split,8,3025,1800,R032,675
KA26481,VIVAX,HPS-41CH120AERI/O3s R32 split,11,3700,2475,R032,675
KA26482,VIVAX,HPS-48CH140AERI/O3s R32 split,12,3925,2700,R032,675
KA26483,VIVAX,HPS-53CH155AERI/O3s R32 split,13,4150,2925,R032,675
KA31312,Warmblauw,Dynamic PRO 16 AW(E),16,4825,3600,R032,675
KA28455,Warmichko,HDW NPX 04-32H,4,1925,900,R032,675
KA28456,Warmichko,HDW NPX 06-32H,5,2350,1125,R032,675
KA28457,Warmichko,HDW NX 08-29EA,7,2800,1575,R290 (Propaan),3
KA31825,Warmichko,HDW NX 08-32EA,7,2800,1575,R032,675
KA28458,Warmichko,HDW NX 11-29EA,9,3250,2025,R290 (Propaan),3
KA31826,Warmichko,HDW NX 11-32EA,9,3250,2025,R032,675
KA28459,Warmichko,HDW NX 14-29EA,12,3925,2700,R290 (Propaan),3
KA31827,Warmichko,HDW NX 14-32EA,13,4150,2925,R032,675
KA28460,Warmichko,HDW NX 19-29EA,14,4375,3150,R290 (Propaan),3
KA31828,Warmichko,HDW NX 19-32EA,15,4600,3375,R032,675
KA28657,Warmichko,HDW NX 21-32EA,21,5950,4725,R032,675
KA28658,Warmichko,HDW NX 27-32EA,25,6850,5625,R032,675
KA28196,WeHeat,Blackbird P60,6,2575,1350,R290 (Propaan),3
KA25415,WeHeat,Blackbird P80,8,3025,1800,R290 (Propaan),3
KA30249,WeHeat,Flint P40,5,2350,1125,R290 (Propaan),3
KA28197,WeHeat,Sparrow P60,6,2575,1350,R290 (Propaan),3
KA31806,WeHeat,Yasper P250,26,7075,5850,R290 (Propaan),3
KA27888,Weishaupt/Monarch,WAB 11-A-RME-A,6,2575,1350,R290 (Propaan),3
KA31467,Weishaupt/Monarch,WAB 14-A-RMD-A,9,3250,2025,R290 (Propaan),3
KA27889,Weishaupt/Monarch,WAB 8-A-RME-A,5,2350,1125,R290 (Propaan),3
KA31692,Weishaupt/Monarch,WBB 12-B-RMD-AI,8,2825,1800,R410A,2088
KA19069,Weishaupt/Monarch,WBB 20-A-RMD-AI,14,4375,3150,R410A,2088
KA32254,Weishaupt/Monarch,WEB 10/15-A-RMD-A,10,3475,2250,R290 (Propaan),3
KA32255,Weishaupt/Monarch,WEB 13/20-A-RMD-A,13,4150,2925,R290 (Propaan),3
KA32256,Weishaupt/Monarch,WEB 7/10-A-RME-A,7,2800,1575,R290 (Propaan),3
KA32257,Weishaupt/Monarch,WEB 9/14-A-RME-A,9,3250,2025,R290 (Propaan),3
KA26982,Weishaupt/Monarch,WSB 10-A-RME-AI,7,2800,1575,R032,675
KA26983,Weishaupt/Monarch,WSB 10-A-RMEK-AI,7,2800,1575,R032,675
KA26984,Weishaupt/Monarch,WSB 12-A-RMD-AI,8,2825,1800,R410A,2088
KA26985,Weishaupt/Monarch,WSB 15-A-RMD-AI,9,3250,2025,R410A,2088
KA26986,Weishaupt/Monarch,WSB 18-A-RMD-AI,12,3725,2700,R410A,2088
KA26987,Weishaupt/Monarch,WSB 6-A-RME-AI,5,2350,1125,R032,675
KA26988,Weishaupt/Monarch,WSB 6-A-RMEK-AI,5,2350,1125,R032,675
KA24916,Weishaupt/Monarch,WSB 8-A-RME,6,2575,1350,R032,675
KA32021,Weishaupt/Monarch,WWP LA 20/30-A R,20,5725,4500,R290 (Propaan),3
KA32022,Weishaupt/Monarch,WWP LA 43/60-A R,39,9800,8775,R290 (Propaan),3
KA11804,Weishaupt/Monarch,WWP LS 10-B R,8,2825,1800,R410A,2088
KA11359,Weishaupt/Monarch,WWP LS 13-B R,9,3250,2025,R410A,2088
KA11361,Weishaupt/Monarch,WWP LS 16-B R,12,3725,2700,R410A,2088
KA11358,Weishaupt/Monarch,WWP LS 8-B R-E,6,2575,1350,R410A,2088
KA30994,Weisthaupt,WAB 14-A-RMD-A,9,3250,2025,R290 (Propaan),3
KA28049,WES22,FEIHCD035S,7,2800,1575,R032,675
KA31262,WES22,GSHVSH-10AA1,9,3250,2025,R290 (Propaan),3
KA31263,WES22,GSHVTH-18AA1,15,4600,3375,R290 (Propaan),3
KA31264,WES22,GSHVTV-075AA1,47,11800,10575,R290 (Propaan),3
KA31265,WES22,GSHVTV-50AA1,30,7975,6750,R290 (Propaan),3
KA24804,Winterwarm,HPX06A,5,2350,1125,R032,675
KA24805,Winterwarm,HPX12A,11,3700,2475,R032,675
KA24980,Winterwarm,HPX16A,12,3925,2700,R032,675
KA30183,Winterwarm,HPX30A,27,7300,6075,R032,675
KA13176,Wolf,BWL-1S(B)16/400V,11,3500,2475,R410A,2088
KA25931,Wolf,CHA- 16/20,15,4600,3375,R290 (Propaan),3
KA15251,Wolf,CHA-Monoblock 07,6,2575,1350,R290 (Propaan),3
KA15252,Wolf,CHA-Monoblock 10,8,3025,1800,R290 (Propaan),3
KA15021,Wolf,CHC-SPLIT-16/300-50 (BWL-1S-16/400V),11,3500,2475,R410A,2088
KA23511,Wolf,FHA-Monoblock 05/06-230V-M2 FS-e6-B2,4,2125,900,R032,675
KA23512,Wolf,FHA-Monoblock 06/07-230V-M2 FS-e6-B2,6,2375,1350,R032,675
KA23513,Wolf,FHA-Monoblock 08/10-230V-M2 FS-e6-B2,7,2800,1575,R032,675
KA23514,Wolf,FHA-Monoblock 11/14-400V-M2 FS-e6-C2,10,3275,2250,R032,675
KA23515,Wolf,FHA-Monoblock 14/17-400V-M2 FS-e6-C2,12,3925,2700,R032,675
KA25424,WSH,WSH030-E/S,5,2350,1125,R290 (Propaan),3
KA25425,WSH,WSH040-E/S,8,2825,1800,R290 (Propaan),3
KA25426,WSH,WSH050-E,11,3500,2475,R290 (Propaan),3
KA24230,York,YKF05CNC,6,2575,1350,R032,675
KA24231,York,YKF09CNC,8,3025,1800,R032,675
KA24232,York,YKF16CRC,13,4150,2925,R032,675
KA31079,York,YMAE0045PJ 32B,31,8000,6975,R454B,466
KA31238,York,YMAE0045PJ 32S,27,7100,6075,R454B,466
KA31088,York,YMAE0050PJ 32B,34,8675,7650,R454B,466
KA31089,York,YMAE0050PJ 32S,31,8000,6975,R454B,466
KA31090,York,YMAE0065PJ 32B,38,9575,8550,R454B,466
KA31091,York,YMAE0065PJ 32S,34,8675,7650,R454B,466
KA31881,York,YMAE0080PJ 32B,44,10925,9900,R454B,466
KA31882,York,YMAE0080PJ 32E,44,10925,9900,R454B,466
KA31883,York,YMAE0080PJ 32F,41,10250,9225,R454B,466
KA31092,York,YMAE0100PJ 32B,65,15650,14625,R454B,466
KA31884,York,YMAE0100PJ 32E,65,15650,14625,R454B,466
KA31093,York,YMAE0100PJ 32F,64,15425,14400,R454B,466
KA31094,York,YMAE0130PJ 32F,68,16325,15300,R454B,466
KA31216,Your Energy Solution,MMHP-008B1 8kw r32,5,2350,1125,R032,675
KA27680,Zealux,XAH07Csi32,4,2125,900,R032,675
KA29026,Zealux,XAH07Csi9,5,2350,1125,R290 (Propaan),3
KA27681,Zealux,XAH10Csi32,7,2600,1575,R032,675
KA29027,Zealux,XAH10Csi9,7,2800,1575,R290 (Propaan),3
KA29675,Zealux,XAH10Csiu32,7,2800,1575,R032,675
KA27682,Zealux,XAH12Csi32,8,3025,1800,R032,675
KA27683,Zealux,XAH12Csi32T,7,2800,1575,R032,675
KA29028,Zealux,XAH12Csi9,8,3025,1800,R290 (Propaan),3
KA29676,Zealux,XAH12Csiu32T,9,3250,2025,R032,675
KA27684,Zealux,XAH16Csi32,11,3700,2475,R032,675
KA27685,Zealux,XAH16Csi32T,11,3700,2475,R032,675
KA29029,Zealux,XAH16Csi9T,13,3950,2925,R290 (Propaan),3
KA29677,Zealux,XAH19Csiu32T,15,4600,3375,R032,675
KA29678,Zealux,XAH26Csiu32T,20,5525,4500,R032,675
KA27354,ZESTAR,HS06V-QPNNW,4,2125,900,R290 (Propaan),3
KA27355,ZESTAR,HS08V-QPNNW,6,2575,1350,R290 (Propaan),3
KA27356,ZESTAR,HS10V-QPNNW,6,2575,1350,R290 (Propaan),3
KA27357,ZESTAR,HS12V-DPNNW,8,2825,1800,R290 (Propaan),3
KA27358,ZESTAR,HS12V-QPNNW,8,2825,1800,R290 (Propaan),3
KA27359,ZESTAR,HS15V-DPNNW,11,3700,2475,R290 (Propaan),3
KA27360,ZESTAR,HS15V-QPNNW,11,3700,2475,R290 (Propaan),3
